物件CSV仕様書,,,HOME'S CSV Version 4.3.2,,,,,,,,,,,,,,,,,,,,,,,,,,,,,,,,,,,2025/04/08　株式会社LIFULL,,,,
,,,,,,,,,,,,,,,,,,,,,,,,,,,,,,,,,,,,,,,,,,
注意事項,,,,,,,,,,,,,,,,,,,,,,,,,,,,,,,,,,,,,,,,,,
1,各項目の桁数は最大桁数を表す。ドット区切りの場合は、「整数部の最大桁数．小数部の最大桁数」を表す,,,,,,,,,,,,,,,,,,,,,,,,,,,,,,,,,,,,,,,,,
2,ファイル名は homes.csv 固定,,,,,,,,,,,,,,,,,,,,,,,,,,,,,,,,,,,,,,,,,
3,"更新の場合、更新したくない項目についてはアスタリスク（*)を指定する。新規時に指定した場合は未入力と同義になる
但し、必須入力項目(■マーク)がついている項目はアスタリスクは指定不可
CSV No.267～270のいずれかにアスタリスクを指定する場合はCSV No.267～270の全てに、No.271～272のいずれかにアスタリスクを指定する場合は、No.271～272の両方にアスタリスクを指定する必要あり",,,,,,,,,,,,,,,,,,,,,,,,,,,,,,,,,,,,,,,,,
,,,,,,,,,,,,,,,,,,,,,,,,,,,,,,,,,,,,,,,,,,
,,,,,,,,,,,,,,,,,,,,,,,,,,,,,,,,,,,,,,,,,,
,,,,,,,,,,,,,,,,,,,,,,,,,,,,,,,,,,,,,,,,,,
csv仕様,,,,,,,,,■：必須（入力がないと正常に動作しない）,,,,,,,,,,,,,,,,□：更新時のみ必須,,,,,,,,,,,,,,,,,
ヘッダ部,,,,,,,,,◎：該当する場合は必須,,,,,,,,,,,,,,,,,,,,,,,,,,,,,,,,,
,,,,,,,,,○：任意,,,,,,,,,,,,,,,,△：将来使用予定あり,,,,,,,,,,,,,,,,,
,,,,,,,,,,,,,,,,,,,,,,,,,無印：対象外,,,,,,,,,,,,,,,,,
,,,,,9:数値,,,,賃貸入力項目（数字は物件種別に対応しています）,,,,,,,,,,,,,,,,,,,,,,,,売買入力項目,,,,,,,,,
,,,,,X:文字列,,,,居住用(31),,,,,,,事業用(32),,,,,,,,,,,,,,,,,土地,戸建,マン,外全,外一,,,,,
No.,概要,項目名,Manager タブ/グループ名,Manager　表示名,型,桁,値の範囲,未入力,1,2,3,4,5,6,10,1,2,3,4,5,6,7,8,9,10,11,12,13,14,15,82,99,(11),(12),(13),(14),(15),備考,例,,,
1,,ヘッダ識別文字列,,,X,6,,-,■,■,■,■,■,■,■,■,■,■,■,■,■,■,■,■,■,■,■,■,■,■,■,■,■,■,■,■,■,header 固定,header,,,
2,,バージョン番号,,,X,10,,-,■,■,■,■,■,■,■,■,■,■,■,■,■,■,■,■,■,■,■,■,■,■,■,■,■,■,■,■,■,CSVのバージョン,4.3.0,,,
3,,処理種別,,,9,2,0,-,■,■,■,■,■,■,■,■,■,■,■,■,■,■,■,■,■,■,■,■,■,■,■,■,■,■,■,■,■,現状 0 固定,0,,,
4,,HOME'S会員番号,,,X,7,,-,■,■,■,■,■,■,■,■,■,■,■,■,■,■,■,■,■,■,■,■,■,■,■,■,■,■,■,■,■,HOME'Sの会員番号,123,,,
5,,文字コード,,,9,1,"0,1",0,◎,◎,◎,◎,◎,◎,◎,◎,◎,◎,◎,◎,◎,◎,◎,◎,◎,◎,◎,◎,◎,◎,◎,◎,◎,◎,◎,◎,◎,0:Shift_JIS 1:EUC-JP,0,,,
6,,画像ファイルパス,,,X,100,,"""""",◎,◎,◎,◎,◎,◎,◎,◎,◎,◎,◎,◎,◎,◎,◎,◎,◎,◎,◎,◎,◎,◎,◎,◎,◎,◎,◎,◎,◎,通常未使用,,,,
7,,路線設定パターン,,,9,1,"0,1",0,◎,◎,◎,◎,◎,◎,◎,◎,◎,◎,◎,◎,◎,◎,◎,◎,◎,◎,◎,◎,◎,◎,◎,◎,◎,◎,◎,◎,◎,0:HOME'S路線駅コード指定 1:REINS路線駅コード指定,0,,,
8,,書換モード,,,9,1,0,-,■,■,■,■,■,■,■,■,■,■,■,■,■,■,■,■,■,■,■,■,■,■,■,■,■,■,■,■,■,0:全件書換 固定,0,,,
9,,テストモード,,,9,1,"0,1",0,◎,◎,◎,◎,◎,◎,◎,◎,◎,◎,◎,◎,◎,◎,◎,◎,◎,◎,◎,◎,◎,◎,◎,◎,◎,◎,◎,◎,◎,0:通常 1:テスト(テスト用のデータベースに書き込みます),0,,,
,,,,,,,,,,,,,,,,,,,,,,,,,,,,,,,,,,,,,,,,,,
,,,,,,,,,,,,,,,,,,,,,,,,,,,,,,,,,,,,,,,,,,
,,,,,,,,,,,,,,,,,,,,,,,,,,,,,,,,,,,,,,,,,,
csv仕様,,,,,,,,,■：必須（入力がないと正常に動作しない）,,,,,,,,,,,,,,,,□：更新時のみ必須,,,,,,,,,,,,,,,,,
データ部,,,,,,,,,◎：該当する場合は必須,,,,,,,,,,,,,,,,,,,,,,,,,,,,,,,,,
,,,,,,,,,○：任意,,,,,,,,,,,,,,,,△：将来使用予定あり,,,,,,,,,,,,,,,,,
,,,,,,,,,,,,,,,,,,,,,,,,,無印：対象外,,,,,,,,,,,,,,,,,
,,,,,9:数値,,,,賃貸入力項目（数字は物件種別に対応しています）,,,,,,,,,,,,,,,,,,,,,,,,売買入力項目,,,,,,,,,
,,,,,X:文字列,,,,居住用(31),,,,,,,事業用(32),,,,,,,,,,,,,,,,,土地,戸建,マン,外全,外一,,,,,
No.,概要,項目名,Manager タブ/グループ名,Manager　表示名,型,桁,値の範囲,未入力,1,2,3,4,5,6,10,1,2,3,4,5,6,7,8,9,10,11,12,13,14,15,82,99,(11),(12),(13),(14),(15),備考,例,,,
1,識別情報,自社管理物件番号,基本・交通/基本情報,自社管理番号,X,30,,-,■,■,■,■,■,■,■,■,■,■,■,■,■,■,■,■,■,■,■,■,■,■,■,■,■,■,■,■,■,自社で管理している物件番号(主キー) 半角英数、ハイフンのみ,123,,,
2,,自社管理修正日時,,,X,19,,-,■,■,■,■,■,■,■,■,■,■,■,■,■,■,■,■,■,■,■,■,■,■,■,■,■,■,■,■,■,"ローカルDBのデータの修正日時 ""yyyy/mm/dd hh:mm:ss""の形式",2002/02/05 12:00:00,,,
3,,情報掲載期限日,基本・交通/基本情報,掲載期限,X,10,,-,■,■,■,■,■,■,■,■,■,■,■,■,■,■,■,■,■,■,■,■,■,■,■,■,■,■,■,■,■,"データの情報掲載期限日 ""yyyy/mm/dd""の形式　
賃貸：登録日より7日以内　売買：登録日より14日以内",2002/03/31,,,
4,公開,公開可否 ,基本・交通/基本情報,HOME'S掲載,9,1,"0,1",-,■,■,■,■,■,■,■,■,■,■,■,■,■,■,■,■,■,■,■,■,■,■,■,■,■,■,■,■,■,0：自社HPのみ掲載 1：HOME'S公開＋自社HPに掲載,1,,,
5,,自社物フラグ ,取引情報/取引情報,自社先物,9,1,"0,1",-,■,■,■,■,■,■,■,■,■,■,■,■,■,■,■,■,■,■,■,■,■,■,■,■,■,■,■,■,■,0:先物　1:自社物,1,,,
6,,状態,基本・交通/基本情報,状態,9,1,"1,3,4,9",-,■,■,■,■,■,■,■,■,■,■,■,■,■,■,■,■,■,■,■,■,■,■,■,■,■,■,■,■,■,1:空有/売出中 3:空無/売止 4:成約 9:削除 (1:空有/売出中 の場合に掲載されます),1,,,
7,種別,物件種別 ,基本・交通/基本情報,物件種別,9,4,,-,■,■,■,■,■,■,■,■,■,■,■,■,■,■,■,■,■,■,■,■,■,■,■,■,■,■,■,■,■,※別枠参照,1,,,
8,,未使用,,,,,,,,,,,,,,,,,,,,,,,,,,,,,,,,,,,,,,,,
9,,投資用物件,基本・交通/基本情報,物件用途,9,1,"0,1,2",0,,,,,,,,,,,,,,,,,,,,,,,,,◎,,,◎,◎,"0:通常物件 1:投資用物件 2:事業用物件
※該当種別（土地・外全・外一）かつ 「1:投資用物件」の場合 必須",,,,
10,名称,建物名・物件名,基本・交通/基本情報,建物名・物件名,X,60,,"""""",■,■,○,■,■,○,○,○,○,○,○,○,○,○,○,○,○,○,○,○,○,○,○,○,○,○,■,○,○,建物名称（物件名称を使用するのは、土地・駐車場のみ）,ネクスト新川マンション,,,
11,,建物名フリガナ(物件名フリガナ),基本・交通/基本情報,建物名・物件名(カナ),X,200,,"""""",○,○,○,○,○,○,○,○,○,○,○,○,○,○,○,○,○,○,○,○,○,○,○,○,○,○,○,○,○,全角カタカナ,ネクストシンカワマンション,,,
12,,物件名公開,基本・交通/基本情報,建物名(物件名)と部屋/区画No表示,9,1,"0,1,2",0,○,○,○,○,○,○,○,○,○,○,○,○,○,○,○,○,○,○,○,○,○,○,○,○,○,○,○,○,○,0:非公開 1:公開 (空物件内容の表示も同時に制御) 2:物件名のみ公開,1,,,
13,空情報,総戸数・総区画数,金銭・建物/建物,総戸数(空き戸数/総戸数),9,4,0～,"""""",○,○,○,○,○,○,○,○,○,○,○,○,○,○,○,○,○,○,○,○,○,○,○,○,○,○,○,◎,○,"物件の総数 (部屋:総戸数 土地:総区画数)
※売買：売住宅以外の建物全部 のとき、
CSV No.7「物件種別」が1409:マンション あるいは1411:アパート の場合必須",20,,,
14,,空き物件数,金銭・建物/建物,総戸数(空き戸数/総戸数),9,4,0～,"""""",○,○,○,○,○,○,○,○,○,○,○,○,○,○,○,○,○,○,○,○,○,○,○,○,○,○,○,○,○,物件の空き数 (部屋:空部屋数 土地:販売区画数等),2,,,
15,,空き物件内容,基本・交通/基本情報,部屋/区画NO.,X,30,,"""""",■,■,○,■,■,○,○,○,○,○,○,○,○,○,○,○,○,○,○,○,○,○,○,○,○,○,■,○,○,部屋:空部屋の番号 土地:区画番号等,B館303号室、C館201号室,,,
16,所在地,郵便番号,基本・交通/所在地,住所,X,8,0～,0,○,○,○,○,○,○,○,○,○,○,○,○,○,○,○,○,○,○,○,○,○,○,○,○,○,○,○,○,○,"000-0000 の8桁固定 数値、ハイフンのみ
※前半：0～000 後半：0～0000",104-0033,,,
17,,所在地コード ,基本・交通/所在地,住所,9,11,,-,■,■,■,■,■,■,■,■,■,■,■,■,■,■,■,■,■,■,■,■,■,■,■,■,■,■,■,■,■,「日本郵政公社提供の全国地方公共団体コード（KEN_ALL.csvファイルのJISコード）5桁 + 0埋め6桁　の計11桁」　または　「国土地理協会の所在地コード11桁（国土地理協会にて別途ご購入の必要がございます）」,13102000000,,,
18,,所在地名称,基本・交通/所在地,住所,X,200,,-,◎,◎,◎,◎,◎,◎,◎,◎,◎,◎,◎,◎,◎,◎,◎,◎,◎,◎,◎,◎,◎,◎,◎,◎,◎,◎,◎,◎,◎,"字丁目までの所在地詳細文字列※所在地コードの続きから
（所在地コードが00000000000の場合、都道府県・市区町村必須) ",新川1丁目,,,
19,,所在地詳細_表示部,基本・交通/所在地,番地など,X,200,,-,◎,◎,◎,◎,◎,◎,◎,◎,◎,◎,◎,◎,◎,◎,◎,◎,◎,◎,◎,◎,◎,◎,◎,◎,◎,◎,◎,◎,◎,字丁目以降の番地・号，建物名等「詳細表示部」「詳細非表示部」どちらかが入力されていないとエラー　,26番地,,,
20,,所在地詳細_非表示部,基本・交通/所在地,番地など,X,100,,"""""",◎,◎,◎,◎,◎,◎,◎,◎,◎,◎,◎,◎,◎,◎,◎,◎,◎,◎,◎,◎,◎,◎,◎,◎,◎,◎,◎,◎,◎,"公開しない所在地詳細情報(公開する所在地詳細情報以降) 
「詳細表示部」「詳細非表示部」どちらかが入力されていないとエラー　",9号,,,
21,,緯度/経度,基本・交通/所在地,緯度経度,X,20/20,,"""""",○,○,○,○,○,○,○,○,○,○,○,○,○,○,○,○,○,○,○,○,○,○,○,○,○,○,○,○,○,"度分秒のピリオド区切り形式 (北緯/東経)　日本測地(Tokyo97)
例）139度44分40秒：139.44.40

秒の小数点以下部分（ミリ秒）を記述する場合は小数点以下3桁まで入力
例）139度44分40.502秒：139.44.40.502

ミリ秒が3桁に満たない場合は3桁に変換して取り込み
139.44.40.5  → 139.44.40.500
139.44.40.50 → 139.44.40.500",35.39.17.514/139.44.40.502,,,
22,交通,路線1,基本・交通/交通,交通１,9,100,,"""""",◎,◎,◎,◎,◎,◎,◎,◎,◎,◎,◎,◎,◎,◎,◎,◎,◎,◎,◎,◎,◎,◎,◎,◎,◎,◎,◎,◎,◎,ヘッダ部No.7「駅路線設定パターン」で選択した方法で路線をセット（0：数値4桁 1：数値4桁）、No.32 その他交通に値がない場合は必須。,,,,
23,,駅1,基本・交通/交通,交通１,9,100,,"""""",◎,◎,◎,◎,◎,◎,◎,◎,◎,◎,◎,◎,◎,◎,◎,◎,◎,◎,◎,◎,◎,◎,◎,◎,◎,◎,◎,◎,◎,ヘッダ部No.7「駅路線設定パターン」選択した方法で駅をセット（0：数値5桁 1：数値3桁）、No.32 その他交通に値がない場合は必須。,,,,
24,,バス停名1,基本・交通/交通,交通１,X,100,,"""""",◎,◎,◎,◎,◎,◎,◎,◎,◎,◎,◎,◎,◎,◎,◎,◎,◎,◎,◎,◎,◎,◎,◎,◎,◎,◎,◎,◎,◎,"バス停名称
※ヘッダ部No.7「駅路線設定パターン」選択した方法で「バス」をセット、No.32「その他交通」に値がない場合は必須",,,,
25,,バス時間1,基本・交通/交通,交通１,9,3,0～,"""""",◎,◎,◎,◎,◎,◎,◎,◎,◎,◎,◎,◎,◎,◎,◎,◎,◎,◎,◎,◎,◎,◎,◎,◎,◎,◎,◎,◎,◎,"単位：分
※ヘッダ部No.7「駅路線設定パターン」選択した方法で「バス」をセット、No.32「その他交通」に値がない場合は必須",12,,,
26,,徒歩距離1,基本・交通/交通,交通１,9,5,0～,"""""",◎,◎,◎,◎,◎,◎,◎,◎,◎,◎,◎,◎,◎,◎,◎,◎,◎,◎,◎,◎,◎,◎,◎,◎,◎,◎,◎,◎,◎,駅またはバス停からの距離（単位：m） 距離＝徒歩時間×80、No.22 路線１とNo.23 駅１が入力されている場合は必須。,500,,,
27,,路線2,基本・交通/交通,交通２,9,100,,"""""",○,○,○,○,○,○,○,○,○,○,○,○,○,○,○,○,○,○,○,○,○,○,○,○,○,○,○,○,○,ヘッダ部No.7「駅路線設定パターン」で選択した方法で路線をセット(0：数値4桁 1：数値4桁),,,,
28,,駅2,基本・交通/交通,交通２,9,100,,"""""",○,○,○,○,○,○,○,○,○,○,○,○,○,○,○,○,○,○,○,○,○,○,○,○,○,○,○,○,○,ヘッダ部No.7「駅路線設定パターン」で選択した方法で駅をセット (0：数値5桁 1：数値3桁),,,,
29,,バス停名2,基本・交通/交通,交通２,X,100,,"""""",○,○,○,○,○,○,○,○,○,○,○,○,○,○,○,○,○,○,○,○,○,○,○,○,○,○,○,○,○,バス停名称,,,,
30,,バス時間2,基本・交通/交通,交通２,9,3,0～,"""""",○,○,○,○,○,○,○,○,○,○,○,○,○,○,○,○,○,○,○,○,○,○,○,○,○,○,○,○,○,単位：分,12,,,
31,,徒歩距離2,基本・交通/交通,交通２,9,5,0～,"""""",◎,◎,◎,◎,◎,◎,◎,◎,◎,◎,◎,◎,◎,◎,◎,◎,◎,◎,◎,◎,◎,◎,◎,◎,◎,◎,◎,◎,◎,駅またはバス停からの距離（単位：m） 距離＝徒歩時間×80、No.27 路線２とNo.28 駅２が入力されている場合は必須。,1000,,,
32,,その他交通,基本・交通/交通,その他交通,X,200,,"""""",◎,◎,◎,◎,◎,◎,◎,◎,◎,◎,◎,◎,◎,◎,◎,◎,◎,◎,◎,◎,◎,◎,◎,◎,◎,◎,◎,◎,◎,"No.22 路線１ かNo.23 駅1が未入力の場合は必須。
※公共交通機関が無い場合は「なし」も入力可",ＸＸインターから車で10分,,,
33,,未使用,,,,,,,,,,,,,,,,,,,,,,,,,,,,,,,,,,,,,,,,
34,土地,地目,土地/面積・区画,地目,9,2,,"""""",,,,,,,,,,,,,,,,,,,■,,,,,,■,○,,○,○,※別枠参照,1,,,
35,,用途地域,土地/面積・区画,用途地域,9,2,1～,"""""",,,,,,,,,,,,,,,,,,,■,,,,,,■,○,○,○,○,※別枠参照,,,,
36,,都市計画,土地/面積・区画,都市計画,9,1,1～4,"""""",,,,,,,,,,,,,,,,,,,■,,,,,,■,○,,○,○,【REINS】1:市街化区域 2:市街化調整区域 3:非線引区域 4:都市計画区域外,1,,,
37,,地勢,土地/面積・区画,地勢,9,1,"1,2,3,4,5,9","""""",,,,,,,,,,,,,,,,,,,○,,,,,,○,○,○,○,○,【REINS】1:平坦 2:高台 3:低地 4:ひな段 5:傾斜地 9:その他,3,,,
38,,土地面積計測方式,土地/面積・区画,土地面積,9,1,"1,2","""""",,,,,,,,,,,,,,,,,,,○,,,,,,○,○,,○,○,【REINS】1:公簿 2:実測,1,,,
39,,区画面積,土地/面積・区画,土地面積,9,8.2,1～,"""""",,,,,,,,,,,,,,,,,,,■,,,,,,■,■,,◎,○,"単位：平米
※売買：売住宅以外の建物全部 のとき、
CSV No.7「物件種別」が1409:マンション あるいは1411:アパート の場合必須",330.12,,,
40,,私道負担面積,土地/私道・接道,私道負担面積,9,4.2,0～,"""""",,,,,,,,,,,,,,,,,,,◎,,,,,,◎,◎,,◎,○,"単位：平米
※該当の物件種別（売地・売戸建・建物全部マンション(1409)・建物全部アパート(1411)）で、私道負担があるものは必須",23.5,,,
41,,私道負担割合(分子/分母),土地/私道・接道,私道負担面積(持分あり),9,7/7,0～,"""""",,,,,,,,,,,,,,,,,,,○,,,,,,○,○,,○,○,私道負担割合を分数で指定(分子/分母の形式),5/36,,,
42,,土地持分(分子/分母),土地/面積・区画,土地面積(共有持分),9,7/7,0～,"""""",,,,,,,,,,,,,,,,,,,○,,,,,,○,○,,,,共同所有の場合の土地持分を分数で指定(分子/分母の形式),5/36,,,
43,,セットバック,土地/私道・接道,セットバック,9,1,"1,2","""""",,,,,,,,,,,,,,,,,,,◎,,,,,,◎,◎,,○,○,セットバックが必要無い場合は「1:無」必要な場合は「2:有」を選択,1,,,
44,,セットバック量,土地/私道・接道,セットバック(面積),9,4.2,0～,"""""",,,,,,,,,,,,,,,,,,,◎,,,,,,◎,◎,,○,○,"単位：平米 
※セットバックが「2:有」かつ必要面積が10％以上の場合必須",23.5,,,
45,,建ぺい率,土地/権利・制限,建ぺい率,9,4,0～,"""""",,,,,,,,,,,,,,,,,,,◎,,,,,,◎,○,,○,○,単位：% 賃貸：土地、売買：土地でCSV No.36「都市計画」が 1:市街化区域 の場合に必須,60,,,
46,,容積率,土地/権利・制限,容積率,9,4,0～,"""""",,,,,,,,,,,,,,,,,,,◎,,,,,,◎,○,,○,○,単位：% 賃貸：土地、売買：土地でCSV No.36「都市計画」が 1:市街化区域 の場合に必須,200,,,
47,,接道状況,土地/私道・接道,接道状況,9,2,1～5,"""""",,,,,,,,,,,,,,,,,,,○,,,,,,○,○,,○,○,【改REINS】1:一方 2:角地 3:三方 4:四方 5:二方(除角地) 10:接道なし,1,,,
48,,接道方向1,土地/私道・接道,接道1,9,1,"1,2,3,4,5,6,7,8","""""",,,,,,,,,,,,,,,,,,,○,,,,,,○,○,,○,○,1:北 2:北東 3:東 4:南東 5:南 6:南西 7:西 8:北西,,,,
49,,接道間口1,土地/私道・接道,接道1,9,3.1,0～99999,"""""",,,,,,,,,,,,,,,,,,,○,,,,,,○,○,,○,○,単位:m,,,,
50,,接道種別1,土地/私道・接道,接道1,9,1,"1,2","""""",,,,,,,,,,,,,,,,,,,○,,,,,,○,○,,○,○,1:公道 2:私道,,,,
51,,接道幅員1,土地/私道・接道,接道1,9,2.1,0～9999,"""""",,,,,,,,,,,,,,,,,,,○,,,,,,○,○,,○,○,単位:m,,,,
52,,位置指定道路1,土地/私道・接道,接道1,9,1,1,"""""",,,,,,,,,,,,,,,,,,,○,,,,,,○,○,,○,○,1:位置指定道路,,,,
53,,接道方向2,その他設備/家具・家電付,接道2,9,1,"1,2,3,4,5,6,7,8","""""",,,,,,,,,,,,,,,,,,,○,,,,,,○,○,,○,○,1:北 2:北東 3:東 4:南東 5:南 6:南西 7:西 8:北西,,,,
54,,接道間口2,土地/私道・接道,接道2,9,3.1,0～99999,"""""",,,,,,,,,,,,,,,,,,,○,,,,,,○,○,,○,○,単位:m,,,,
55,,接道種別2,土地/私道・接道,接道2,9,1,"1,2","""""",,,,,,,,,,,,,,,,,,,○,,,,,,○,○,,○,○,1:公道 2:私道,,,,
56,,接道幅員2,土地/私道・接道,接道2,9,2.1,0～9999,"""""",,,,,,,,,,,,,,,,,,,○,,,,,,○,○,,○,○,単位:m,,,,
57,,位置指定道路2,土地/私道・接道,01:有,9,1,1,"""""",,,,,,,,,,,,,,,,,,,○,,,,,,○,○,,○,○,1:位置指定道路,,,,
58,,接道方向3,土地/私道・接道,接道3,9,1,"1,2,3,4,5,6,7,8","""""",,,,,,,,,,,,,,,,,,,○,,,,,,○,○,,○,○,1:北 2:北東 3:東 4:南東 5:南 6:南西 7:西 8:北西,,,,
59,,接道間口3,土地/私道・接道,接道3,9,3.1,0～99999,"""""",,,,,,,,,,,,,,,,,,,○,,,,,,○,○,,○,○,単位:m,,,,
60,,接道種別3,土地/私道・接道,接道3,9,1,"1,2","""""",,,,,,,,,,,,,,,,,,,○,,,,,,○,○,,○,○,1:公道 2:私道,,,,
61,,接道幅員3,土地/私道・接道,接道3,9,2.1,0～9999,"""""",,,,,,,,,,,,,,,,,,,○,,,,,,○,○,,○,○,単位:m,,,,
62,,位置指定道路3,土地/私道・接道,接道3,9,1,1,"""""",,,,,,,,,,,,,,,,,,,○,,,,,,○,○,,○,○,1:位置指定道路,,,,
63,,接道方向4,土地/私道・接道,接道4,9,1,"1,2,3,4,5,6,7,8","""""",,,,,,,,,,,,,,,,,,,○,,,,,,○,○,,○,○,1:北 2:北東 3:東 4:南東 5:南 6:南西 7:西 8:北西,,,,
64,,接道間口4,土地/私道・接道,接道4,9,3.1,0～99999,"""""",,,,,,,,,,,,,,,,,,,○,,,,,,○,○,,○,○,単位:m,,,,
65,,接道種別4,土地/私道・接道,接道4,9,1,"1,2","""""",,,,,,,,,,,,,,,,,,,○,,,,,,○,○,,○,○,1:公道 2:私道,,,,
66,,接道幅員4,土地/私道・接道,接道4,9,2.1,0～9999,"""""",,,,,,,,,,,,,,,,,,,○,,,,,,○,○,,○,○,単位:m,,,,
67,,位置指定道路4,土地/私道・接道,接道4,9,1,1,"""""",,,,,,,,,,,,,,,,,,,○,,,,,,○,○,,○,○,1:位置指定道路,,,,
68,,土地権利(借地権種類) ,土地/権利・制限,土地権利,9,2,,"""""",,,,,,,,,,,,,,,,,,,○,,,,,,■,■,■,◎,○,"※別枠参照
※売買：売住宅以外の建物全部 のとき、
CSV No.7「物件種別」が1409:マンション あるいは1411:アパート の場合必須",,,,
69,,国土法届出,土地/権利・制限,国土法,9,1,"1,2,3","""""",,,,,,,,,,,,,,,,,,,○,,,,,,○,○,○,○,○,【REINS】1:要 2: 届出中 3:不要,,,,
70,,法令上の制限,土地/権利・制限,法令上の制限,X,200,,"""""",,,,,,,,,,,,,,,,,,,○,,,,,,○,○,○,○,○,,,,,
71,建物,建物構造,金銭・建物/建物,建物構造,9,2,1～,"""""",■,■,■,■,■,■,■,○,○,○,○,○,○,○,○,○,○,○,,○,○,○,,○,,○,■,◎,○,"※別枠参照
※物件種別がマンションの場合に限り、「建物構造」の「木造」「軽量鉄骨」を選択するとエラー
※売買：売住宅以外の建物全部 のとき、
CSV No.7「物件種別」が1409:マンション あるいは1411:アパート の場合必須",3,,,
72,,建物面積計測方式,金銭・建物/建物,建物面積(計測方式),9,1,"1,2","""""",,,,,,,,,,,,,,,,,,,,,,,,,,○,○,,,【REINS】1:壁芯 2:内法,1,,,
73,,建物面積・専有面積,金銭・建物/建物,建物面積・専有面積,9,8.2,1～,"""""",■,■,■,■,■,■,■,○,○,○,○,○,○,○,○,○,○,○,,○,○,○,,○,,■,■,◎,○,"単位：平米
※売買：売住宅以外の建物全部 のとき、
CSV No.7「物件種別」が1409:マンション あるいは1411:アパート の場合必須
※物件種別によって用途が異なります。
① 売マンション、売住宅以外の建物一部、居住用賃貸、事業用賃貸
→専有面積（一戸建等の場合は延床面積）をご入力ください

② 売戸建、売住宅以外の建物全部
→建物面積（物件内の延床面積）をご入力ください",68.56,,,
74,,敷地全体面積,金銭・建物/建物,敷地全体面積,9,8.2,0～,"""""",,,,,,,,,,,,,,,,,,,,,,,,,○,○,○,○,○,敷地全体の面積,300.12,,,
75,,延べ床面積,金銭・建物/建物,建物面積,9,8.2,0～,"""""",,,,,,,,,,,,,,,,,,,,,,,,,,○,○,,,建物全体の床面積 (売買一戸建の1物件入力時専有面積と同じ物を入力),5000.46,,,
76,,建築面積,金銭・建物/建物,建築面積,9,8.2,0～,"""""",,,,,,,,,,,,,,,,,,,,,,,,,,○,○,○,○,建築面積,200.12,,,
77,,建物階数(地上),金銭・建物/建物,建物階数,9,3,1～,"""""",■,■,○,○,○,○,○,○,○,○,○,○,○,○,○,○,○,○,,○,○,○,,○,,○,■,◎,○,"※売買：売住宅以外の建物全部 のとき、
CSV No.7「物件種別」が1409:マンション あるいは1411:アパート の場合必須",6,,,
78,,建物階数(地下),金銭・建物/建物,建物階数,9,2,1～,"""""",○,○,○,○,○,○,○,○,○,○,○,○,○,○,○,○,○,○,,○,○,○,,○,,○,○,○,○,,2,,,
79,,築年月,金銭・建物/建物,築年月,X,7,,"""""",■,■,■,■,■,■,■,○,○,○,○,○,○,○,○,○,○,○,,○,○,○,,○,,■,■,◎,○,"建築年月 yyyy/mm 形式の文字列
※売買新築物件で築年月が不正（築1年以上もしくは未入居フラグなし）の場合はエラー
※売買中古物件で築年月が不正（築1年未満かつ未入居フラグあり）の場合はエラー
※売買：売住宅以外の建物全部 のとき、
CSV No.7「物件種別」が1409:マンション あるいは1411:アパート の場合必須",1992/06,,,
80,,新築・未入居フラグ,金銭・建物/建物,築年月(未入居),9,1,"0,1",0,○,○,○,○,○,○,○,○,○,○,○,○,○,○,○,○,○,○,,○,○,○,,○,,○,○,○,○,0:中古 1:新築・未入居,1,,,
81,管理人,管理人,金銭・建物/管理,管理人,9,1,"1,2,3,4,5","""""",○,○,,,,,,,,,,,,,,,,,,,,,,,,,■,○,○,"売買：マンションのとき必須。
1:常駐 2:日勤 3:巡回 4:無 5:非常駐",2,,,
82,,管理形態,金銭・建物/管理,管理形態,9,1,"1,2,3","""""",,,,,,,,,,,,,,,,,,,,,,,,,,,■,○,○,"売買：マンションのとき必須
【REINS】1:自主管理 2:一部委託 3:全部委託",2,,,
83,,管理組合有無,金銭・建物/管理,管理組合,9,1,"1,2","""""",,,,,,,,,,,,,,,,,,,,,,,,,,,○,○,○,1:無 2:有,2,,,
84,,管理会社名,金銭・建物/管理,管理会社名,X,100,,"""""",○,○,,,,,,,,,,,,,,,,,,,,,,,,,○,○,○,管理会社の名称,2,,,
85,部屋,部屋階数,金銭・建物/部屋,所在階(階数),9,3,,"""""",■,■,,,,○,○,,○,○,○,,,,○,,,,,,,○,,,,,■,○,○,部屋の所在階数 (マイナスの場合は地下),4,,,
86,,バルコニー面積,金銭・建物/部屋,バルコニー面積,9,4.2,1～,"""""",○,○,,,,,,,,,,,,,,,,,,,,,,,,,■,○,○,売買：マンションのとき、面積入力必須（バルコニーなしの場合は「0」を入力）、またバルコニーがある場合は設備・条件 No.227「バルコニー」を別途指定してください。,,,,
87,,向き,金銭・建物/部屋,主要採光面,9,1,1～8,"""""",○,○,,,,,,,,,,,,,,,,,,,,,,,,○,○,○,○,【REINS】1:北 2:北東 3:東 4:南東 5:南 6:南西 7:西 8:北西,4,,,
88,間取り,間取部屋数,金銭・建物/部屋,間取り(部屋数),9,2,1～,"""""",■,■,■,■,■,■,■,,,,,,,○,○,○,○,,,,○,○,,,,■,■,○,○,部屋の数,3,,,
89,,間取部屋種類,金銭・建物/部屋,間取り(種類),9,2,10～90,"""""",■,■,■,■,■,■,■,,,,,,,○,○,○,○,,,,○,○,,,,■,■,○,○,※別枠参照,5,,,
90,,間取(種類)1,金銭・建物/部屋,部屋1,9,2,"1,2,3,4,5,6,7,9,21,22,23","""""",○,○,○,○,○,○,○,,,,,,,○,○,○,○,,,,○,○,,,,○,○,○,○,【改REINS】1:和室 2:洋室 3:DK 4:LDK 5:L 6:D 7:K 9:その他 21:LK 22:LD 23:S,,,,
91,,間取(畳数)1,金銭・建物/部屋,部屋1,9,2.1,0～99,"""""",○,○,○,○,○,○,○,,,,,,,○,○,○,○,,,,○,○,,,,○,○,○,○,畳数,,,,
92,,間取(所在階)1,金銭・建物/部屋,部屋1,9,3,0～999,"""""",○,○,○,○,○,○,○,,,,,,,○,○,○,○,,,,○,○,,,,○,○,○,○,部屋の所在階,,,,
93,,間取(室数)1,金銭・建物/部屋,部屋1,9,2,0～99,"""""",○,○,○,○,○,○,○,,,,,,,○,○,○,○,,,,○,○,,,,○,○,○,○,同じタイプの部屋が複数ある場合に使用,,,,
94,,間取(種類)2,金銭・建物/部屋,部屋2,9,2,"1,2,3,4,5,6,7,9,21,22,23","""""",○,○,○,○,○,○,○,,,,,,,○,○,○,○,,,,○,○,,,,○,○,○,○,【改REINS】1:和室 2:洋室 3:DK 4:LDK 5:L 6:D 7:K 9:その他 21:LK 22:LD 23:S,,,,
95,,間取(畳数)2,金銭・建物/部屋,部屋2,9,2.1,0～99,"""""",○,○,○,○,○,○,○,,,,,,,○,○,○,○,,,,○,○,,,,○,○,○,○,畳数,,,,
96,,間取(所在階)2,金銭・建物/部屋,部屋2,9,3,0～999,"""""",○,○,○,○,○,○,○,,,,,,,○,○,○,○,,,,○,○,,,,○,○,○,○,部屋の所在階,,,,
97,,間取(室数)2,金銭・建物/部屋,部屋2,9,2,0～99,"""""",○,○,○,○,○,○,○,,,,,,,○,○,○,○,,,,○,○,,,,○,○,○,○,同じタイプの部屋が複数ある場合に使用,,,,
98,,間取(種類)3,金銭・建物/部屋,部屋3,9,2,"1,2,3,4,5,6,7,9,21,22,23","""""",○,○,○,○,○,○,○,,,,,,,○,○,○,○,,,,○,○,,,,○,○,○,○,【改REINS】1:和室 2:洋室 3:DK 4:LDK 5:L 6:D 7:K 9:その他 21:LK 22:LD 23:S,,,,
99,,間取(畳数)3,金銭・建物/部屋,部屋3,9,2.1,0～99,"""""",○,○,○,○,○,○,○,,,,,,,○,○,○,○,,,,○,○,,,,○,○,○,○,畳数,,,,
100,,間取(所在階)3,金銭・建物/部屋,部屋3,9,3,0～999,"""""",○,○,○,○,○,○,○,,,,,,,○,○,○,○,,,,○,○,,,,○,○,○,○,部屋の所在階,,,,
101,,間取(室数)3,金銭・建物/部屋,部屋3,9,2,0～99,"""""",○,○,○,○,○,○,○,,,,,,,○,○,○,○,,,,○,○,,,,○,○,○,○,同じタイプの部屋が複数ある場合に使用,,,,
102,,間取(種類)4,金銭・建物/部屋,部屋4,9,2,"1,2,3,4,5,6,7,9,21,22,23","""""",○,○,○,○,○,○,○,,,,,,,○,○,○,○,,,,○,○,,,,○,○,○,○,【改REINS】1:和室 2:洋室 3:DK 4:LDK 5:L 6:D 7:K 9:その他 21:LK 22:LD 23:S,,,,
103,,間取(畳数)4,金銭・建物/部屋,部屋4,9,2.1,0～99,"""""",○,○,○,○,○,○,○,,,,,,,○,○,○,○,,,,○,○,,,,○,○,○,○,畳数,,,,
104,,間取(所在階)4,金銭・建物/部屋,部屋4,9,3,0～999,"""""",○,○,○,○,○,○,○,,,,,,,○,○,○,○,,,,○,○,,,,○,○,○,○,部屋の所在階,,,,
105,,間取(室数)4,金銭・建物/部屋,部屋4,9,2,0～99,"""""",○,○,○,○,○,○,○,,,,,,,○,○,○,○,,,,○,○,,,,○,○,○,○,同じタイプの部屋が複数ある場合に使用,,,,
106,,間取(種類)5,金銭・建物/部屋,部屋5,9,2,"1,2,3,4,5,6,7,9,21,22,23","""""",○,○,○,○,○,○,○,,,,,,,○,○,○,○,,,,○,○,,,,○,○,○,○,【改REINS】1:和室 2:洋室 3:DK 4:LDK 5:L 6:D 7:K 9:その他 21:LK 22:LD 23:S,,,,
107,,間取(畳数)5,金銭・建物/部屋,部屋5,9,2.1,0～99,"""""",○,○,○,○,○,○,○,,,,,,,○,○,○,○,,,,○,○,,,,○,○,○,○,畳数,,,,
108,,間取(所在階)5,金銭・建物/部屋,部屋5,9,3,0～999,"""""",○,○,○,○,○,○,○,,,,,,,○,○,○,○,,,,○,○,,,,○,○,○,○,部屋の所在階,,,,
109,,間取(室数)5,金銭・建物/部屋,部屋5,9,2,0～99,"""""",○,○,○,○,○,○,○,,,,,,,○,○,○,○,,,,○,○,,,,○,○,○,○,同じタイプの部屋が複数ある場合に使用,,,,
110,,間取(種類)6,金銭・建物/部屋,部屋6,9,2,"1,2,3,4,5,6,7,9,21,22,23","""""",○,○,○,○,○,○,○,,,,,,,○,○,○,○,,,,○,○,,,,○,○,○,○,【改REINS】1:和室 2:洋室 3:DK 4:LDK 5:L 6:D 7:K 9:その他 21:LK 22:LD 23:S,,,,
111,,間取(畳数)6,金銭・建物/部屋,部屋6,9,2.1,0～99,"""""",○,○,○,○,○,○,○,,,,,,,○,○,○,○,,,,○,○,,,,○,○,○,○,畳数,,,,
112,,間取(所在階)6,金銭・建物/部屋,部屋6,9,3,0～999,"""""",○,○,○,○,○,○,○,,,,,,,○,○,○,○,,,,○,○,,,,○,○,○,○,部屋の所在階,,,,
113,,間取(室数)6,金銭・建物/部屋,部屋6,9,2,0～99,"""""",○,○,○,○,○,○,○,,,,,,,○,○,○,○,,,,○,○,,,,○,○,○,○,同じタイプの部屋が複数ある場合に使用,,,,
114,,間取(種類)7,金銭・建物/部屋,部屋7,9,2,"1,2,3,4,5,6,7,9,21,22,23","""""",○,○,○,○,○,○,○,,,,,,,○,○,○,○,,,,○,○,,,,○,○,○,○,【改REINS】1:和室 2:洋室 3:DK 4:LDK 5:L 6:D 7:K 9:その他 21:LK 22:LD 23:S,,,,
115,,間取(畳数)7,金銭・建物/部屋,部屋7,9,2.1,0～99,"""""",○,○,○,○,○,○,○,,,,,,,○,○,○,○,,,,○,○,,,,○,○,○,○,畳数,,,,
116,,間取(所在階)7,金銭・建物/部屋,部屋7,9,3,0～999,"""""",○,○,○,○,○,○,○,,,,,,,○,○,○,○,,,,○,○,,,,○,○,○,○,部屋の所在階,,,,
117,,間取(室数)7,金銭・建物/部屋,部屋7,9,2,0～99,"""""",○,○,○,○,○,○,○,,,,,,,○,○,○,○,,,,○,○,,,,○,○,○,○,同じタイプの部屋が複数ある場合に使用,,,,
118,,間取(種類)8,金銭・建物/部屋,部屋8,9,2,"1,2,3,4,5,6,7,9,21,22,23","""""",○,○,○,○,○,○,○,,,,,,,○,○,○,○,,,,○,○,,,,○,○,○,○,【改REINS】1:和室 2:洋室 3:DK 4:LDK 5:L 6:D 7:K 9:その他 21:LK 22:LD 23:S,,,,
119,,間取(畳数)8,金銭・建物/部屋,部屋8,9,2.1,0～99,"""""",○,○,○,○,○,○,○,,,,,,,○,○,○,○,,,,○,○,,,,○,○,○,○,畳数,,,,
120,,間取(所在階)8,金銭・建物/部屋,部屋8,9,3,0～999,"""""",○,○,○,○,○,○,○,,,,,,,○,○,○,○,,,,○,○,,,,○,○,○,○,部屋の所在階,,,,
121,,間取(室数)8,金銭・建物/部屋,部屋8,9,2,0～99,"""""",○,○,○,○,○,○,○,,,,,,,○,○,○,○,,,,○,○,,,,○,○,○,○,同じタイプの部屋が複数ある場合に使用,,,,
122,,間取(種類)9,金銭・建物/部屋,部屋9,9,2,"1,2,3,4,5,6,7,9,21,22,23","""""",○,○,○,○,○,○,○,,,,,,,○,○,○,○,,,,○,○,,,,○,○,○,○,【改REINS】1:和室 2:洋室 3:DK 4:LDK 5:L 6:D 7:K 9:その他 21:LK 22:LD 23:S,,,,
123,,間取(畳数)9,金銭・建物/部屋,部屋9,9,2.1,0～99,"""""",○,○,○,○,○,○,○,,,,,,,○,○,○,○,,,,○,○,,,,○,○,○,○,畳数,,,,
124,,間取(所在階)9,金銭・建物/部屋,部屋9,9,3,0～999,"""""",○,○,○,○,○,○,○,,,,,,,○,○,○,○,,,,○,○,,,,○,○,○,○,部屋の所在階,,,,
125,,間取(室数)9,金銭・建物/部屋,部屋9,9,2,0～99,"""""",○,○,○,○,○,○,○,,,,,,,○,○,○,○,,,,○,○,,,,○,○,○,○,同じタイプの部屋が複数ある場合に使用,,,,
126,,間取(種類)10,金銭・建物/部屋,部屋10,9,2,"1,2,3,4,5,6,7,9,21,22,23","""""",○,○,○,○,○,○,○,,,,,,,○,○,○,○,,,,○,○,,,,○,○,○,○,【改REINS】1:和室 2:洋室 3:DK 4:LDK 5:L 6:D 7:K 9:その他 21:LK 22:LD 23:S,,,,
127,,間取(畳数)10,金銭・建物/部屋,部屋10,9,2.1,0～99,"""""",○,○,○,○,○,○,○,,,,,,,○,○,○,○,,,,○,○,,,,○,○,○,○,畳数,,,,
128,,間取(所在階)10,金銭・建物/部屋,部屋10,9,3,0～999,"""""",○,○,○,○,○,○,○,,,,,,,○,○,○,○,,,,○,○,,,,○,○,○,○,部屋の所在階,,,,
129,,間取(室数)10,金銭・建物/部屋,部屋10,9,2,0～99,"""""",○,○,○,○,○,○,○,,,,,,,○,○,○,○,,,,○,○,,,,○,○,○,○,同じタイプの部屋が複数ある場合に使用,,,,
130,,間取り備考,金銭・建物/部屋,間取り備考,X,100,,"""""",○,○,○,○,○,○,○,,,,,,,○,○,○,○,,,,○,○,,,,○,○,○,○,備考表示,,,,
131,特徴,物件の特徴,備考/物件の特徴,キャッチコピー,X,備考参照,,"""""",○,○,○,○,○,○,○,○,○,○,○,○,○,○,○,○,○,○,○,○,○,○,○,○,○,○,○,○,○,売買：100文字(200byte)まで　賃貸：50文字(100byte)まで。先頭の方に表示,通勤通学に好立地,,,
132,,未使用,,,,,,,,,,,,,,,,,,,,,,,,,,,,,,,,,,,,,,,,
133,,未使用,,,,,,,,,,,,,,,,,,,,,,,,,,,,,,,,,,,,,,,,
134,備考,備考,備考/備考,備考,X,400,,"""""",○,○,○,○,○,○,○,○,○,○,○,○,○,○,○,○,○,○,○,○,○,○,○,○,○,○,○,○,○,備考表示 全パターン共通,内装リフォーム済,,,
135,,未使用,,,,,,,,,,,,,,,,,,,,,,,,,,,,,,,,,,,,,,,,
136,,未使用,,,,,,,,,,,,,,,,,,,,,,,,,,,,,,,,,,,,,,,,
137,,URL,備考/備考,リンク先URL,X,200,,"""""",○,○,○,○,○,○,○,○,○,○,○,○,○,○,○,○,○,○,○,○,○,○,○,○,○,○,○,○,○,"数値2文字＋コロン＋URL　先頭の数値はURL種類(00:物件ページ,01:動画,02:パノラマ,03:自社HP)
物件に対して特別広告ポイントが付与されていない場合はURLへのリンクは表示されません。",00:http://bukken-page.jp/,,,
138,,社内用メモ,備考/備考,社内メモ,X,200,,"""""",○,○,○,○,○,○,○,○,○,○,○,○,○,○,○,○,○,○,○,○,○,○,○,○,○,○,○,○,○,自社内部だけのメモ（検索結果画面等には表示しない）,,,,
139,金銭面,賃料・価格  ,金銭・建物(or条件)/賃料・価格,賃料・価格,9,12,1～,"""""",■,■,■,■,■,■,■,■,■,■,■,■,■,■,■,■,■,■,■,■,■,■,■,■,■,■,■,■,■,"単位：円　*禁止項目
賃貸居住用は5000以上の入力が必須",53000,,,
140,,価格公開フラグ,-,-,9,1,"0,1",1,,,,,,,,,,,,,,,,,,,,,,,,,,,,○,○,0:非公開 1:公開 (投資用物件以外では、常に公開される),,,,
141,,価格状態,-,-,9,1,"1,2,3","""""",,,,,,,,,,,,,,,,,,,,,,,,,,,,○,○,1:相談 2:確定 3:入札(投資用物件のみ),,,,
142,,税金,金銭・建物(or条件)/賃料・価格,賃料・価格,9,1,"2,3","""""",,,,,,,,■,■,■,■,■,■,■,■,■,■,■,■,■,■,■,■,■,,■,■,■,■,2:税込み 3:税表示無し(税発生せず),,,,
143,,税額,-,-,9,12,0～,"""""",,,,,,,,○,○,○,○,○,○,○,○,○,○,○,○,○,○,○,○,○,,○,○,○,○,単位：円,10000,,,
144,,坪単価,-,-,9,12,0～,"""""",,,,,,,,,,,,,,,,,,,○,,,,,,○,,,,,単位：円,559000,,,
145,,共益費・管理費,金銭・建物(or条件)/賃料・価格,共益/管理費,9,12,0～,"""""",■,■,■,■,■,■,■,■,■,■,■,■,■,■,■,■,■,■,■,■,■,■,■,■,○,○,■,○,○,単位：円,10000,,,
146,,共益費・管理費 税,金銭・建物(or条件)/賃料・価格,共益/管理費,9,1,"2,3","""""",,,,,,,,■,■,■,■,■,■,■,■,■,■,■,■,■,■,■,■,■,○,○,■,○,○,2:税込み 3:税表示無し(税発生せず),2,,,
147,,礼金・月数,金銭・建物(or条件)/賃料・価格,礼金,9,12.2,0～,"""""",■,■,■,■,■,■,■,■,■,■,■,■,■,■,■,■,■,■,■,■,■,■,■,■,,,,,,"100以上の場合は単位は""円""、それ以外は""ヶ月""",2,,,
148,,礼金 税,金銭・建物(or条件)/賃料・価格,礼金,9,1,"2,3","""""",,,,,,,,■,■,■,■,■,■,■,■,■,■,■,■,■,■,■,■,■,,,,,,2:税込み 3:税表示無し(税発生せず),2,,,
149,,敷金・月数,金銭・建物(or条件)/賃料・価格,敷金,9,12.2,0～,"""""",■,■,■,■,■,■,■,■,■,■,■,■,■,■,■,■,■,■,■,■,■,■,■,■,,○,○,○,○,"100以上の場合は単位は""円""、それ以外は""ヶ月""",0,,,
150,,保証金・月数,金銭・建物(or条件)/賃料・価格,保証金,9,12.2,0～,"""""",◎,◎,◎,◎,◎,◎,◎,◎,◎,◎,◎,◎,◎,◎,◎,◎,◎,◎,◎,◎,◎,◎,◎,◎,◎,◎,◎,◎,◎,"100以上の場合は単位は""円""、それ以外は""ヶ月""。
No.68 土地権利が22:定期借地の場合必須。",0,,,
151,,権利金,金銭・建物(or条件)/賃料・価格,権利金,9,12.2,0～,"""""",,,,,,,,◎,◎,◎,◎,◎,◎,◎,◎,◎,◎,◎,◎,◎,◎,◎,,◎,,,,,,"100以上の場合は単位は""円""、それ以外は""ヶ月""。",0,,,
152,,権利金 税,金銭・建物(or条件)/賃料・価格,権利金,9,1,"2,3","""""",,,,,,,,◎,◎,◎,◎,◎,◎,◎,◎,◎,◎,◎,◎,◎,◎,◎,,◎,,,,,,2:税込み 3:税表示無し(税発生せず),2,,,
153,,造作譲渡金,金銭・建物(or条件)/賃料・価格,造作譲渡金,9,12.2,0～,"""""",,,,,,,,◎,◎,◎,◎,◎,◎,◎,◎,◎,◎,◎,◎,◎,◎,◎,,◎,,,,,,単位：円,0,,,
154,,造作譲渡金 税,金銭・建物(or条件)/賃料・価格,造作譲渡金,9,1,"2,3","""""",,,,,,,,◎,◎,◎,◎,◎,◎,◎,◎,◎,◎,◎,◎,◎,◎,◎,,◎,,,,,,2:税込み 3:税表示無し(税発生せず),2,,,
155,,償却・敷引金,金銭・建物(or条件)/賃料・価格,償却/敷引,9,12.2,1～,"""""",◎,◎,◎,◎,◎,◎,◎,◎,◎,◎,◎,◎,◎,◎,◎,◎,◎,◎,◎,◎,◎,◎,◎,◎,,,,,,"1～99:""ヶ月""、101～200:100を引いて""%"" 201以上の場合単位は""円""",0,,,
156,,償却時期,金銭・建物(or条件)/賃料・価格,償却/敷引,9,2,"1,2,3","""""",○,○,○,○,○,○,○,○,○,○,○,○,○,○,○,○,○,○,○,○,○,○,○,○,,,,,,1:退去時 2:毎年 3:更新時,1,,,
157,,更新料,金銭・建物(or条件)/賃料・価格,更新料,9,8.1,0～,"""""",○,○,○,○,○,○,○,○,○,○,○,○,○,○,○,○,○,○,○,○,○,○,○,○,,,,,,礼金と同じ仕様　99:相談  (小数点第2位が指定されていた場合、小数点第2位を切り上げて取り込み),0,,,
158,,満室時表面利回り,基本・交通/基本情報,利回り(満室時),9,3.2,0～,"""""",,,,,,,,,,,,,,,,,,,,,,,,,,,,○,○,単位：％,0,,,
159,,現行利回り,基本・交通/基本情報,利回り(現行),9,3.2,0～,"""""",,,,,,,,,,,,,,,,,,,,,,,,,,,,○,○,単位：％,0,,,
160,,住宅保険料,金銭・建物(or条件)/賃料・価格,住宅保険,9,12,0～,"""""",◎,◎,◎,◎,◎,◎,◎,◎,◎,◎,◎,◎,◎,◎,◎,◎,◎,◎,◎,◎,◎,◎,◎,◎,,,,,,9:不要 9以外:要,0,,,
161,,未使用,,,,,,,,,,,,,,,,,,,,,,,,,,,,,,,,,,,,,,,,
162,,借地料,土地/権利・制限,借地料,9,12,0～,"""""",,,,,,,,,,,,,,,,,,,,,,,,,,◎,◎,○,○,"単位：円(月額) 売買の時は借地料
※テーブルNo.68「土地権利」が、 2:旧法地上 3: 旧法賃借 4:普通地上 5:定期地上 6:普通賃借 7:定期賃借 8:一時使用 の場合必須",0,,,
163,,契約期間(年),条件・設備/契約条件,契約期間,9,4,0～,"""""",◎,◎,◎,◎,◎,◎,◎,◎,◎,◎,◎,◎,◎,◎,◎,◎,◎,◎,,◎,◎,◎,,◎,,,,,,"単位：年 借地期間
CSV No.250「設備・条件」で「11301:定期借家権該当」が指定されている場合は必須
※居住用賃貸物件で契約期間が2年未満の場合は必須で入力すること",0,,,
164,,契約期間(月),条件・設備/契約条件,契約期間,9,2,0～,"""""",◎,◎,◎,◎,◎,◎,◎,◎,◎,◎,◎,◎,◎,◎,◎,◎,◎,◎,,◎,◎,◎,,◎,,,,,,"単位：月 借地期間
CSV No.250「設備・条件」で「11301:定期借家権該当」が指定されている場合は必須
※居住用賃貸物件で契約期間が2年未満の場合は必須で入力すること",0,,,
165,,契約期間(区分),条件・設備/契約条件,契約期間,9,1,"1,2","""""",◎,◎,◎,◎,◎,◎,◎,◎,◎,◎,◎,◎,◎,◎,◎,◎,◎,◎,,◎,◎,◎,,◎,,,,,,"1: xx年xx月まで(期限表示) 2: xx年xx月(期間表示)
CSV No.250「設備・条件」で「11301:定期借家権該当」が指定されている場合は必須
※居住用賃貸物件で契約期間が2年未満の場合は必須で入力すること
※CSV No.163「契約期間(年)」あるいは No.164「契約期間(月)」が入力されている場合は必須",0,,,
166,,修繕積立金,金銭・建物(or条件)/賃料・価格,修繕積立金,9,12,0～,"""""",,,,,,,,,,,,,,,,,,,,,,,,,,,■,○,○,売買：マンションのみ必須　単位：円,12000,,,
167,,修繕積立基金,金銭・建物(or条件)/賃料・価格,修繕費積立基金,9,12,0～,"""""",,,,,,,,,,,,,,,,,,,,,,,,,,,○,○,○,単位：円,12000,,,
168,,その他費用名目1,金銭・建物(or条件)/賃料・価格,その他費用1,X,100,,"""""",◎,◎,◎,◎,◎,◎,◎,◎,◎,◎,◎,◎,◎,◎,◎,◎,◎,◎,◎,◎,◎,◎,◎,◎,◎,◎,◎,◎,◎,"その他必要な費用の名目
CSV No.169「その他費用1」が入力されている場合は必須",町内会費,,,
169,,その他費用1,金銭・建物(or条件)/賃料・価格,その他費用1,9,12,0～,"""""",◎,◎,◎,◎,◎,◎,◎,◎,◎,◎,◎,◎,◎,◎,◎,◎,◎,◎,◎,◎,◎,◎,◎,◎,◎,◎,◎,◎,◎,"単位：円
CSV No.168「その他費用名目1」が入力されている場合は必須",3000,,,
170,,その他費用名目2,金銭・建物(or条件)/賃料・価格,自社物,X,100,,"""""",◎,◎,◎,◎,◎,◎,◎,◎,◎,◎,◎,◎,◎,◎,◎,◎,◎,◎,◎,◎,◎,◎,◎,◎,◎,◎,◎,◎,◎,"その他必要な費用の名目
CSV No.171「その他費用2」が入力されている場合は必須",町内会費,,,
171,,その他費用2,金銭・建物(or条件)/賃料・価格,その他費用2,9,12,0～,"""""",◎,◎,◎,◎,◎,◎,◎,◎,◎,◎,◎,◎,◎,◎,◎,◎,◎,◎,◎,◎,◎,◎,◎,◎,◎,◎,◎,◎,◎,"単位：円
CSV No.170「その他費用名目2」が入力されている場合は必須",3000,,,
172,,その他費用名目3,金銭・建物(or条件)/賃料・価格,その他費用3,X,100,,"""""",◎,◎,◎,◎,◎,◎,◎,◎,◎,◎,◎,◎,◎,◎,◎,◎,◎,◎,◎,◎,◎,◎,◎,◎,◎,◎,◎,◎,◎,"その他必要な費用の名目
CSV No.173「その他費用3」が入力されている場合は必須",町内会費,,,
173,,その他費用3,金銭・建物(or条件)/賃料・価格,その他費用3,9,12,0～,"""""",◎,◎,◎,◎,◎,◎,◎,◎,◎,◎,◎,◎,◎,◎,◎,◎,◎,◎,◎,◎,◎,◎,◎,◎,◎,◎,◎,◎,◎,"単位：円
CSV No.172「その他費用名目3」が入力されている場合は必須",3000,,,
174,,未使用,,,,,,,,,,,,,,,,,,,,,,,,,,,,,,,,,,,,,,,,
175,,未使用,,,,,,,,,,,,,,,,,,,,,,,,,,,,,,,,,,,,,,,,
176,,未使用,,,,,,,,,,,,,,,,,,,,,,,,,,,,,,,,,,,,,,,,
177,,未使用,,,,,,,,,,,,,,,,,,,,,,,,,,,,,,,,,,,,,,,,
178,駐車場,駐車場料金,条件・設備or金銭・条件/駐車場,駐車場料金,9,12,0～,"""""",◎,◎,◎,◎,◎,◎,◎,◎,◎,◎,◎,◎,◎,◎,◎,◎,◎,◎,◎,◎,◎,◎,,◎,,◎,◎,◎,◎,"単位：円
駐車場料金が発生する場合は必須
※CSV No.379「契約形態」が 1:駐車場契約必須(賃料・価格・管理費に含む)の場合は「空白」を指定
※CSV No.379「契約形態」が 2:駐車場契約必須（駐車場料金別)の場合は必須
※駐車場料金が「無料」の場合は「0」を指定",15000,,,
179,,駐車場料金 税,条件・設備or金銭・条件/駐車場,駐車場料金,9,1,"2,3","""""",○,○,○,○,○,○,○,○,○,○,○,○,○,○,○,○,○,○,○,○,○,○,,○,,○,○,○,○,2:税込み 3:税表示無し(税発生せず),2,,,
180,,駐車場区分,条件・設備or金銭・条件/駐車場,区分,9,1,1～4,"""""",○,○,○,○,○,○,○,○,○,○,○,○,○,○,○,○,○,○,○,○,○,○,,○,,○,○,○,○,【改REINS】1:空有 2:空無 3:近隣 4:無,1,,,
181,,駐車場距離,条件・設備or金銭・条件/駐車場,距離,9,4,0～,"""""",◎,◎,◎,◎,◎,◎,◎,◎,◎,◎,◎,◎,◎,◎,◎,◎,◎,◎,◎,◎,◎,◎,,◎,,◎,◎,◎,◎,"敷地内の場合 : 0（単位：m）　それ以上は距離数を入力（単位：m）
※CSV No.180「区分」が近隣の場合は必須",80,,,
182,,駐車場空き台数,条件・設備or金銭・条件/駐車場,空台数,9,3,0～,"""""",○,○,○,○,○,○,○,○,○,○,○,○,○,○,○,○,○,○,○,○,○,○,,○,,○,○,○,○,台数が分かっている場合入力 未入力時はなにも表示しない,1,,,
183,,駐車場備考,条件・設備or金銭・条件/駐車場,備考,X,100,,"""""",○,○,○,○,○,○,○,○,○,○,○,○,○,○,○,○,○,○,○,○,○,○,,○,,○,○,○,○,備考,1,,,
184,引渡/入居日,現況,条件・設備or金銭・条件/契約条件,現況,9,2,1～4,"""""",○,○,○,○,○,○,○,○,○,○,○,○,○,○,○,○,○,○,○,○,○,○,,○,,○,○,○,○,※別枠参照,2,,,
185,,引渡/入居時期,条件・設備or金銭・条件/契約条件,引渡時期(使用可能時期),9,1,"1,2,3","""""",■,■,■,■,■,■,■,■,■,■,■,■,■,■,■,■,■,■,■,■,■,■,■,■,■,■,■,■,■,"1:即時 2:相談 3:期日指定
CSV No.184「現況」が居住中、賃貸中、未完成の場合は、期日指定、相談のみ選択可能
ただし下記条件に該当する場合は、現況が賃貸中もしくは居住中の場合でも即時を選択することができる
・物件種別が【売住宅以外の建物全部】もしくは【売住宅以外の建物一部】で、CSV No.9「投資用物件」が選択されている場合
・CSV No.250「設備・条件」で「12001:満室賃貸中該当」が指定されている場合",2,,,
186,,引渡/入居年月,条件・設備or金銭・条件/契約条件,引渡時期(使用可能時期),X,7,,"""""",◎,◎,◎,◎,◎,◎,◎,◎,◎,◎,◎,◎,◎,◎,◎,◎,◎,◎,◎,◎,◎,◎,◎,◎,◎,◎,◎,◎,◎,年月（引渡/入居時期で期日指定をした場合のみ) yyyy/mm 形式の文字列,2002/05,,,
187,,引渡/入居旬,条件・設備or金銭・条件/契約条件,引渡時期(使用可能時期),9,1,"1,2,3","""""",○,○,○,○,○,○,○,○,○,○,○,○,○,○,○,○,○,○,○,○,○,○,○,○,○,○,○,○,○,1:上旬　2:中旬　3:下旬（引渡/入居時期で期日指定をした場合のみ),2,,,
188,周辺環境,小学校名,備考/周辺環境,小学校,X,100,,"""""",○,○,○,○,○,○,○,○,○,○,○,○,○,○,○,○,○,○,○,○,○,○,○,○,○,○,○,○,○,,台町小学校,,,
189,,小学校距離,備考/周辺環境,小学校,9,4,0～,"""""",◎,◎,◎,◎,◎,◎,◎,◎,◎,◎,◎,◎,◎,◎,◎,◎,◎,◎,◎,◎,◎,◎,◎,◎,◎,◎,◎,◎,◎,"単位：m
CSV No.188「小学校名」が入力されている場合は必須",300,,,
190,,未使用,,,,,,,,,,,,,,,,,,,,,,,,,,,,,,,,,,,,,,,,
191,,中学校名,備考/周辺環境,中学校,X,100,,"""""",○,○,○,○,○,○,○,○,○,○,○,○,○,○,○,○,○,○,○,○,○,○,○,○,○,○,○,○,○,,台町中学校,,,
192,,中学校距離,備考/周辺環境,中学校,9,4,0～,"""""",◎,◎,◎,◎,◎,◎,◎,◎,◎,◎,◎,◎,◎,◎,◎,◎,◎,◎,◎,◎,◎,◎,◎,◎,◎,◎,◎,◎,◎,"単位：m
CSV No.191「中学校名」が入力されている場合は必須",1000,,,
193,,未使用,,,,,,,,,,,,,,,,,,,,,,,,,,,,,,,,,,,,,,,,
194,,コンビニ距離,備考/周辺環境,コンビニ,9,4,0～,"""""",○,○,○,○,○,○,○,○,○,○,○,○,○,○,○,○,○,○,○,○,○,○,○,○,○,○,○,○,○,単位：m,30,,,
195,,スーパー距離,備考/周辺環境,スーパー,9,4,0～,"""""",○,○,○,○,○,○,○,○,○,○,○,○,○,○,○,○,○,○,○,○,○,○,○,○,○,○,○,○,○,単位：m,500,,,
196,,総合病院距離,備考/周辺環境,総合病院,9,4,0～,"""""",○,○,○,○,○,○,○,○,○,○,○,○,○,○,○,○,○,○,○,○,○,○,○,○,○,○,○,○,○,単位：m,1000,,,
197,物件担当者名,物件担当者名,基本・交通/基本情報,物件担当名,X,50,,"""""",○,○,○,○,○,○,○,○,○,○,○,○,○,○,○,○,○,○,○,○,○,○,○,○,○,○,○,○,○,物件の担当者名,次家,,,
198,取引態様,取引態様,取引情報/取引情報,取引形態,9,1,1～6,"""""",■,■,■,■,■,■,■,■,■,■,■,■,■,■,■,■,■,■,■,■,■,■,■,■,■,■,■,■,■,【改REINS】1:売主/貸主 2:代理 3:専属専任媒介 4: 専任媒介 5:一般媒介 6:仲介,2,,,
199,,掲載確認日,取引情報/元付業者,掲載確認日,X,10,,-,◎,◎,◎,◎,◎,◎,◎,◎,◎,◎,◎,◎,◎,◎,◎,◎,◎,◎,◎,◎,◎,◎,◎,◎,◎,◎,◎,◎,◎,"yyyy/mm/dd 形式の文字列　登録日より14日以内
以下のいずれかを満たす場合は必須
・CSV No.5「自社物フラグ」が先物の場合
・CSV No.7「物件種別」が新築戸建、新築テラスハウス かつ CSV No.198「取引態様」が一般媒介、仲介の場合
更新時の「未入力」は無効。掲載確認日登録後、「未入力」で送信してもコンバートでの削除不可",2002/03/31,,,
200,客付,客付,取引情報/取引情報,客付け/広告転載可否,9,1,0～3,0,■,■,■,■,■,■,■,■,■,■,■,■,■,■,■,■,■,■,■,■,■,■,■,■,■,■,■,■,■,0:客付け不可 1:客付け可/広告転載不可(店頭紹介のみ可) 2:客付け可/他社HPへの広告店転載可 3:客付け可/LIFULL HOME'S、他社HPへの広告転載可,1,,,
201,,媒介契約年月日,取引情報/取引情報,媒介契約年月日,X,10,,"""""",○,○,○,○,○,○,○,○,○,○,○,○,○,○,○,○,○,○,○,○,○,○,○,○,○,○,○,○,○,,,,,
202,,仲介手数料,金銭・建物(or条件)/賃料・価格,仲介手数料,9,12,,"""""",○,○,○,○,○,○,○,○,○,○,○,○,○,○,○,○,○,○,○,○,○,○,○,○,○,○,○,○,○,"賃貸
仲介手数料 998以下:賃料に対する割合(%) 1002以上:金額
売買
仲介手数料 998以下:賃料に対する割合(%) 999:5%+消費税 1000:4%+2万円+消費税 1001:3%+6万円 1002以上 金額(円)",,,,
203,,分配率(客付分),取引情報/取引情報,手数料,9,3,5～117,"""""",○,○,○,○,○,○,○,○,○,○,○,○,○,○,○,○,○,○,○,○,○,○,○,○,○,○,○,○,○,借主・買主分の分配率(単位%) 売買時 110:分かれ 111:0.5%～116:3% 117:正規手数料,,,,
204,,手数料負担(借主),取引情報/取引情報,客付け(手数料),9,3,5～117,"""""",○,○,○,○,○,○,○,○,○,○,○,○,○,○,○,○,○,○,○,○,○,○,○,○,○,○,○,○,○,借主の手数料負担率,,,,
205,,客付け業者へのメッセージ,取引情報/取引情報,客付会社へのメッセージ,X,100,,"""""",○,○,○,○,○,○,○,○,○,○,○,○,○,○,○,○,○,○,○,○,○,○,○,○,○,○,○,○,○,客付会社に対するメッセージ,,,,
206,元付け,名称,取引情報/元付業者,会社名,X,100,,"""""",◎,◎,◎,◎,◎,◎,◎,◎,◎,◎,◎,◎,◎,◎,◎,◎,◎,◎,◎,◎,◎,◎,◎,◎,◎,◎,◎,◎,◎,"新築戸建、新築テラスハウスの一般媒介の場合は、売主業者様（個人の場合は個人名）をご登録ください
以下のいずれかを満たす場合は必須
・CSV No.5「自社物フラグ」が先物の場合
・CSV No.7「物件種別」が新築戸建、新築テラスハウス かつ CSV No.198「取引態様」が一般媒介、仲介の場合
",,,,
207,,郵便番号,取引情報/元付業者,住所,X,8,,"""""",○,○,○,○,○,○,○,○,○,○,○,○,○,○,○,○,○,○,○,○,○,○,○,○,○,○,○,○,○,000-0000 の8桁固定 数値、ハイフンのみ,106-0022,,,
208,,所在地コード,取引情報/元付業者,住所,9,11,,"""""",○,○,○,○,○,○,○,○,○,○,○,○,○,○,○,○,○,○,○,○,○,○,○,○,○,○,○,○,○,,,,,
209,,所在地詳細,取引情報/元付業者,住所(番地など),X,200,,"""""",○,○,○,○,○,○,○,○,○,○,○,○,○,○,○,○,○,○,○,○,○,○,○,○,○,○,○,○,○,,,,,
210,,電話番号,取引情報/元付業者,TEL,X,20,,"""""",◎,◎,◎,◎,◎,◎,◎,◎,◎,◎,◎,◎,◎,◎,◎,◎,◎,◎,◎,◎,◎,◎,◎,◎,◎,◎,◎,◎,◎,"以下のいずれかを満たす場合は必須
・CSV No.5「自社物フラグ」が先物の場合
・CSV No.7「物件種別」が新築戸建、新築テラスハウス かつ CSV No.198「取引態様」が一般媒介、仲介の場合",,,,
211,,FAX番号,取引情報/元付業者,FAX,X,20,,"""""",○,○,○,○,○,○,○,○,○,○,○,○,○,○,○,○,○,○,○,○,○,○,○,○,○,○,○,○,○,,,,,
212,,担当者名,取引情報/元付業者,掲載承諾者,X,100,,"""""",◎,◎,◎,◎,◎,◎,◎,◎,◎,◎,◎,◎,◎,◎,◎,◎,◎,◎,◎,◎,◎,◎,◎,◎,◎,◎,◎,◎,◎,"以下のいずれかを満たす場合は必須
・CSV No.5「自社物フラグ」が先物の場合
・CSV No.7「物件種別」が新築戸建、新築テラスハウス かつ CSV No.198「取引態様」が一般媒介、仲介の場合",,,,
213,,備考,取引情報/元付業者,備考,X,200,,"""""",○,○,○,○,○,○,○,○,○,○,○,○,○,○,○,○,○,○,○,○,○,○,○,○,○,○,○,○,○,,,,,
214,持主,名称,取引情報/所有者,所有者名,X,100,,"""""",○,○,○,○,○,○,○,○,○,○,○,○,○,○,○,○,○,○,○,○,○,○,○,○,○,○,○,○,○,,,,,
215,,郵便番号,取引情報/所有者,住所,X,8,,"""""",○,○,○,○,○,○,○,○,○,○,○,○,○,○,○,○,○,○,○,○,○,○,○,○,○,○,○,○,○,000-0000 の8桁固定 数値、ハイフンのみ,106-0022,,,
216,,所在地コード,取引情報/所有者,住所,9,11,,"""""",○,○,○,○,○,○,○,○,○,○,○,○,○,○,○,○,○,○,○,○,○,○,○,○,○,○,○,○,○,,,,,
217,,所在地詳細,取引情報/所有者,住所(番地など),X,200,,"""""",○,○,○,○,○,○,○,○,○,○,○,○,○,○,○,○,○,○,○,○,○,○,○,○,○,○,○,○,○,,,,,
218,,電話番号,取引情報/所有者,TEL,X,20,,"""""",○,○,○,○,○,○,○,○,○,○,○,○,○,○,○,○,○,○,○,○,○,○,○,○,○,○,○,○,○,,,,,
219,,FAX番号,取引情報/所有者,FAX,X,20,,"""""",○,○,○,○,○,○,○,○,○,○,○,○,○,○,○,○,○,○,○,○,○,○,○,○,○,○,○,○,○,,,,,
220,,備考,取引情報/所有者,備考,X,200,,"""""",○,○,○,○,○,○,○,○,○,○,○,○,○,○,○,○,○,○,○,○,○,○,○,○,○,○,○,○,○,,,,,
221,オープンハウス,開始日,備考/オープンハウス(見学会),開始日,X,10,,"""""",○,○,○,○,○,○,○,,,,,,,,,,,,,,,,,,○,○,○,,,yyyy/mm/dd 形式の文字列。CSV No.221開始日、No.222終了日、No.223実施時間のいずれかが未入力、もしくはアスタリスク（*）の場合は更新されません。,,,,
222,(オープンルーム),終了日,備考/オープンハウス(見学会),終了日,X,10,,"""""",○,○,○,○,○,○,○,,,,,,,,,,,,,,,,,,○,○,○,,,yyyy/mm/dd 形式の文字列。CSV No.221開始日、No.222終了日、No.223実施時間のいずれかが未入力、もしくはアスタリスク（*）の場合は更新されません。,,,,
223,,実施時間,備考/オープンハウス(見学会),開催時間,X,100,,"""""",○,○,○,○,○,○,○,,,,,,,,,,,,,,,,,,○,○,○,,,CSV No.221開始日、No.222終了日、No.223実施時間のいずれかが未入力、もしくはアスタリスク（*）の場合は更新されません。,,,,
224,,備考,備考/オープンハウス(見学会),備考,X,200,,"""""",○,○,○,○,○,○,○,,,,,,,,,,,,,,,,,,○,○,○,,,CSV No.221開始日、No.222終了日、No.223実施時間のいずれかが未入力、もしくはアスタリスク（*）の場合は更新されません。,,,,
225,画像,ローカルファイル名1,画像/画像1,-,X,100,,"""""",○,○,○,○,○,○,○,○,○,○,○,○,○,○,○,○,○,○,○,○,○,○,○,○,○,○,○,○,○,日本語不可,m-next1.jpg,,,
226,,未使用,,,,,,,,,,,,,,,,,,,,,,,,,,,,,,,,,,,,,,,,
227,,画像種別1,画像/画像1,画像種別,X,2,,"""""",○,○,○,○,○,○,○,○,○,○,○,○,○,○,○,○,○,○,○,○,○,○,○,○,○,○,○,○,○,※別枠参照,,,,
228,,画像コメント1,画像/画像1,画像コメント,X,200,,"""""",○,○,○,○,○,○,○,○,○,○,○,○,○,○,○,○,○,○,○,○,○,○,○,○,○,○,○,○,○, ,,,,
229,,ローカルファイル名2,画像/画像2,-,X,100,,"""""",○,○,○,○,○,○,○,○,○,○,○,○,○,○,○,○,○,○,○,○,○,○,○,○,○,○,○,○,○,日本語不可,m-next1.jpg,,,
230,,未使用,,,,,,,,,,,,,,,,,,,,,,,,,,,,,,,,,,,,,,,,
231,,画像種別2,画像/画像2,画像種別,X,2,,"""""",○,○,○,○,○,○,○,○,○,○,○,○,○,○,○,○,○,○,○,○,○,○,○,○,○,○,○,○,○,※別枠参照,,,,
232,,画像コメント2,画像/画像2,画像コメント,X,200,,"""""",○,○,○,○,○,○,○,○,○,○,○,○,○,○,○,○,○,○,○,○,○,○,○,○,○,○,○,○,○, ,,,,
233,,ローカルファイル名3,画像/画像3,-,X,100,,"""""",○,○,○,○,○,○,○,○,○,○,○,○,○,○,○,○,○,○,○,○,○,○,○,○,○,○,○,○,○,日本語不可,m-next1.jpg,,,
234,,未使用,,,,,,,,,,,,,,,,,,,,,,,,,,,,,,,,,,,,,,,,
235,,画像種別3,画像/画像3,画像種別,X,2,,"""""",○,○,○,○,○,○,○,○,○,○,○,○,○,○,○,○,○,○,○,○,○,○,○,○,○,○,○,○,○,※別枠参照,,,,
236,,画像コメント3,画像/画像3,画像コメント,X,200,,"""""",○,○,○,○,○,○,○,○,○,○,○,○,○,○,○,○,○,○,○,○,○,○,○,○,○,○,○,○,○, ,,,,
237,,ローカルファイル名4,画像/画像4,-,X,100,,"""""",○,○,○,○,○,○,○,○,○,○,○,○,○,○,○,○,○,○,○,○,○,○,○,○,○,○,○,○,○,日本語不可,m-next1.jpg,,,
238,,未使用,,,,,,,,,,,,,,,,,,,,,,,,,,,,,,,,,,,,,,,,
239,,画像種別4,画像/画像4,画像種別,X,2,,"""""",○,○,○,○,○,○,○,○,○,○,○,○,○,○,○,○,○,○,○,○,○,○,○,○,○,○,○,○,○,※別枠参照,,,,
240,,画像コメント4,画像/画像4,画像コメント,X,200,,"""""",○,○,○,○,○,○,○,○,○,○,○,○,○,○,○,○,○,○,○,○,○,○,○,○,○,○,○,○,○, ,,,,
241,,ローカルファイル名5,画像/画像5,-,X,100,,"""""",○,○,○,○,○,○,○,○,○,○,○,○,○,○,○,○,○,○,○,○,○,○,○,○,○,○,○,○,○,日本語不可,m-next1.jpg,,,
242,,未使用,,,,,,,,,,,,,,,,,,,,,,,,,,,,,,,,,,,,,,,,
243,,画像種別5,画像/画像5,画像種別,X,2,,"""""",○,○,○,○,○,○,○,○,○,○,○,○,○,○,○,○,○,○,○,○,○,○,○,○,○,○,○,○,○,※別枠参照,,,,
244,,画像コメント5,画像/画像5,画像コメント,X,200,,"""""",○,○,○,○,○,○,○,○,○,○,○,○,○,○,○,○,○,○,○,○,○,○,○,○,○,○,○,○,○, ,,,,
245,,ローカルファイル名6,画像/画像6,-,X,100,,"""""",○,○,○,○,○,○,○,○,○,○,○,○,○,○,○,○,○,○,○,○,○,○,○,○,○,○,○,○,○,日本語不可,m-next1.jpg,,,
246,,未使用,,,,,,,,,,,,,,,,,,,,,,,,,,,,,,,,,,,,,,,,
247,,画像種別6,画像/画像6,画像種別,X,2,,"""""",○,○,○,○,○,○,○,○,○,○,○,○,○,○,○,○,○,○,○,○,○,○,○,○,○,○,○,○,○,※別枠参照,,,,
248,,画像コメント6,画像/画像6,画像コメント,X,200,,"""""",○,○,○,○,○,○,○,○,○,○,○,○,○,○,○,○,○,○,○,○,○,○,○,○,○,○,○,○,○, ,,,,
249,,所属グループ,基本・交通/グループ,,X,200,,"""""",○,○,○,○,○,○,○,○,○,○,○,○,○,○,○,○,○,○,○,○,○,○,○,○,○,○,○,○,○,スラッシュ(/) 区切り形式,12/34/10002,,,
250,,設備・条件,設備,,X,,,"""""",○,○,○,○,○,○,○,○,○,○,○,○,○,○,○,○,○,○,○,○,○,○,○,○,○,○,○,○,○,スラッシュ(/) 区切り形式 (99900を先頭に指定する事で過去に指定した設備・条件を全て削除できます),99900/10001/20201,,,
251,,おすすめポイント数,基本・交通/特別広告ポイント,,9,5,,"""""",○,○,○,○,○,○,○,○,○,○,○,○,○,○,○,○,○,○,○,○,○,○,○,○,○,○,○,○,○,"物件に付与するおすすめポイント数
登録済みのポイント数を変更したくないときはアスタリスク（*）を入力してください
未入力の場合、ポイントが削除されます",1,,,
252,土地,容積率制限備考,土地/権限・制限,容積率の制限あり,X,200,,"""""",,,,,,,,,,,,,,,,,,,○,,,,,,○,,,,,容積率の制限がある場合に記入,,,,
253,,建築条件備考,土地/権限・制限,建築条件,X,100,,"""""",,,,,,,,,,,,,,,,,,,○,,,,,,○,,,,,施工会社等の条件がある場合に記入,XXXX社の利用が条件,,,
254,建物,施工会社名,金銭・建物/建物,施工会社名,X,100,,"""""",○,○,○,○,○,○,○,,,,,,,,,,,,,,,,,,,○,○,,,,XXXX社,,,
255,,建築確認番号,金銭・建物/建物,建築確認番号,X,100,,"""""",,,,,,,,,,,,,,,,,,,,,,,,,,◎,◎,◎,,"CSV No.7「物件種別」が 売買：新築戸建、新築テラスハウス、新築マンション、新築公団、新築公社、新築タウンハウス、建物全部マンション(1409)、建物全部アパート(1411)でCSV No.79「築年月」が未来の場合かCSV No.184「現況」が 4:未完成 の場合に必須
※建築確認番号が正しい表記でない場合エラー",第XX999-99999号,,,
256,,未使用,,,,,,,,,,,,,,,,,,,,,,,,,,,,,,,,,,,,,,,,
257,保証会社,保証会社の利用,条件・設備/契約条件,保証会社,9,2,"1,2,3","""""",◎,◎,◎,◎,◎,◎,◎,,,,,,,,,,,,,,,,,,,,,,,"1:利用可 2:加入要 3:不要
CSV No.259「保証会社利用料」に入力されている場合は必須",,,,
258,,保証会社名,条件・設備/契約条件,保証会社名,X,100,,"""""",○,○,○,○,○,○,○,,,,,,,,,,,,,,,,,,,,,,,,XXXX保証会社,,,
259,,保証会社利用料,条件・設備/契約条件,保証会社利用料,X,200,,"""""",◎,◎,◎,◎,◎,◎,◎,,,,,,,,,,,,,,,,,,,,,,,CSV No.257「保証会社の利用」に 1:利用可 もしくは 2:加入要 の指定がある場合は必須,賃料の45%～50%,,,
260,引渡/入居日,引渡/入居時期相談内容,条件・設備or金銭・条件/契約条件,入居/引渡時期 相談,X,100,,"""""",○,○,○,○,○,○,○,○,○,○,○,○,○,○,○,○,○,○,○,○,○,○,○,○,○,○,○,○,○,,,,,
261,特優賃,特優賃 入居負担額上限,条件・設備/契約条件,入居者負担額,9,12,0～,"""""",○,○,○,○,○,○,○,,,,,,,,,,,,,,,,,,,,,,,単位：円,,,,
262,,特優賃 入居負担額下限,条件・設備/契約条件,入居者負担額,9,12,0～,"""""",○,○,○,○,○,○,○,,,,,,,,,,,,,,,,,,,,,,,単位：円,,,,
263,,特優賃 料金変動区分,条件・設備/契約条件,料金変動区分,9,2,"1,2","""""",○,○,○,○,○,○,○,,,,,,,,,,,,,,,,,,,,,,,1:傾斜型  2:フラット型,,,,
264,,特優賃 上昇率,条件・設備/契約条件,料金変動区分,9,2.1,0～,"""""",◎,◎,◎,◎,◎,◎,◎,,,,,,,,,,,,,,,,,,,,,,,"単位：%
CSV No.263「特優賃 料金変動区分」が 1:傾斜型 の場合に必須
CSV No.263「特優賃 料金変動区分」が 1:傾斜型 が選択されていない場合に入力があるとエラー",2.5,,,
265,,特優賃 家賃補助年数,条件・設備/契約条件,家賃補助年数,9,2,0～,"""""",○,○,○,○,○,○,○,,,,,,,,,,,,,,,,,,,,,,,単位：年,,,,
266,,特優賃 備考,条件・設備/契約条件,特優賃備考,X,200,,"""""",○,○,○,○,○,○,○,,,,,,,,,,,,,,,,,,,,,,,,,,,
267,,未使用,,,,,,,,,,,,,,,,,,,,,,,,,,,,,,,,,,,,,,,,
268,,未使用,,,,,,,,,,,,,,,,,,,,,,,,,,,,,,,,,,,,,,,,
269,,未使用,,,,,,,,,,,,,,,,,,,,,,,,,,,,,,,,,,,,,,,,
270,,未使用,,,,,,,,,,,,,,,,,,,,,,,,,,,,,,,,,,,,,,,,
271,リノベーション,リノベーション実施年月,金銭・建物/リノベーション,施工完了,X,7,,"""""",◎,◎,◎,◎,◎,◎,◎,◎,◎,◎,◎,◎,◎,◎,◎,◎,◎,◎,,◎,◎,◎,,◎,,◎,◎,◎,◎,"CSV No.272「リノベーション内容」が入力されている場合は必須
yyyy/mm 形式の文字列
※アスタリスク（*)を指定する場合、CSV No.272「リノベーション内容」にアスタリスク（*)以外の入力があるとエラー

※2018年2月13日以降【売買物件】のみ「リノベーション」の内容も「リフォーム」（No.399-410）を使用して下さい",2012/05,,,
272,,リノベーション内容,金銭・建物/リノベーション,施工内容,X,4000,,"""""",◎,◎,◎,◎,◎,◎,◎,◎,◎,◎,◎,◎,◎,◎,◎,◎,◎,◎,,◎,◎,◎,,◎,,◎,◎,◎,◎,"CSV No.271「リノベーション実施日」が入力されている場合は必須
リノベーション内容
※アスタリスク（*)を指定する場合、CSV No.271「リノベーション実施日」にアスタリスク（*)以外の入力があるとエラー

※2018年2月13日以降【売買物件】のみ「リノベーション」の内容も「リフォーム」（No.399-410）を使用して下さい",,,,
273,画像,ローカルファイル名7,画像,-,X,100,,"""""",○,○,○,○,○,○,○,○,○,○,○,○,○,○,○,○,○,○,○,○,○,○,○,○,○,○,○,○,○,日本語不可,m-next7.jpg,,,
274,,未使用,,,,,,,,,,,,,,,,,,,,,,,,,,,,,,,,,,,,,,,,
275,,画像種別7,画像,画像種別,X,2,,"""""",○,○,○,○,○,○,○,○,○,○,○,○,○,○,○,○,○,○,○,○,○,○,○,○,○,○,○,○,○,※別枠参照,,,,
276,,画像コメント7,画像,画像コメント,X,200,,"""""",○,○,○,○,○,○,○,○,○,○,○,○,○,○,○,○,○,○,○,○,○,○,○,○,○,○,○,○,○, ,,,,
277,,ローカルファイル名8,画像,-,X,100,,"""""",○,○,○,○,○,○,○,○,○,○,○,○,○,○,○,○,○,○,○,○,○,○,○,○,○,○,○,○,○,日本語不可,m-next8.jpg,,,
278,,未使用,,,,,,,,,,,,,,,,,,,,,,,,,,,,,,,,,,,,,,,,
279,,画像種別8,画像,画像種別,X,2,,"""""",○,○,○,○,○,○,○,○,○,○,○,○,○,○,○,○,○,○,○,○,○,○,○,○,○,○,○,○,○,※別枠参照,,,,
280,,画像コメント8,画像,画像コメント,X,200,,"""""",○,○,○,○,○,○,○,○,○,○,○,○,○,○,○,○,○,○,○,○,○,○,○,○,○,○,○,○,○, ,,,,
281,,ローカルファイル名9,画像,-,X,100,,"""""",○,○,○,○,○,○,○,○,○,○,○,○,○,○,○,○,○,○,○,○,○,○,○,○,○,○,○,○,○,日本語不可,m-next9.jpg,,,
282,,未使用,,,,,,,,,,,,,,,,,,,,,,,,,,,,,,,,,,,,,,,,
283,,画像種別9,画像,画像種別,X,2,,"""""",○,○,○,○,○,○,○,○,○,○,○,○,○,○,○,○,○,○,○,○,○,○,○,○,○,○,○,○,○,※別枠参照,,,,
284,,画像コメント9,画像,画像コメント,X,200,,"""""",○,○,○,○,○,○,○,○,○,○,○,○,○,○,○,○,○,○,○,○,○,○,○,○,○,○,○,○,○, ,,,,
285,,ローカルファイル名10,画像,-,X,100,,"""""",○,○,○,○,○,○,○,○,○,○,○,○,○,○,○,○,○,○,○,○,○,○,○,○,○,○,○,○,○,日本語不可,m-next10.jpg,,,
286,,未使用,,,,,,,,,,,,,,,,,,,,,,,,,,,,,,,,,,,,,,,,
287,,画像種別10,画像,画像種別,X,2,,"""""",○,○,○,○,○,○,○,○,○,○,○,○,○,○,○,○,○,○,○,○,○,○,○,○,○,○,○,○,○,※別枠参照,,,,
288,,画像コメント10,画像,画像コメント,X,200,,"""""",○,○,○,○,○,○,○,○,○,○,○,○,○,○,○,○,○,○,○,○,○,○,○,○,○,○,○,○,○, ,,,,
289,,ローカルファイル名11,画像,-,X,100,,"""""",○,○,○,○,○,○,○,○,○,○,○,○,○,○,○,○,○,○,○,○,○,○,○,○,○,○,○,○,○,日本語不可,m-next11.jpg,,,
290,,未使用,,,,,,,,,,,,,,,,,,,,,,,,,,,,,,,,,,,,,,,,
291,,画像種別11,画像,画像種別,X,2,,"""""",○,○,○,○,○,○,○,○,○,○,○,○,○,○,○,○,○,○,○,○,○,○,○,○,○,○,○,○,○,※別枠参照,,,,
292,,画像コメント11,画像,画像コメント,X,200,,"""""",○,○,○,○,○,○,○,○,○,○,○,○,○,○,○,○,○,○,○,○,○,○,○,○,○,○,○,○,○, ,,,,
293,,ローカルファイル名12,画像,-,X,100,,"""""",○,○,○,○,○,○,○,○,○,○,○,○,○,○,○,○,○,○,○,○,○,○,○,○,○,○,○,○,○,日本語不可,m-next12.jpg,,,
294,,未使用,,,,,,,,,,,,,,,,,,,,,,,,,,,,,,,,,,,,,,,,
295,,画像種別12,画像,画像種別,X,2,,"""""",○,○,○,○,○,○,○,○,○,○,○,○,○,○,○,○,○,○,○,○,○,○,○,○,○,○,○,○,○,※別枠参照,,,,
296,,画像コメント12,画像,画像コメント,X,200,,"""""",○,○,○,○,○,○,○,○,○,○,○,○,○,○,○,○,○,○,○,○,○,○,○,○,○,○,○,○,○, ,,,,
297,,ローカルファイル名13,画像,-,X,100,,"""""",○,○,○,○,○,○,○,○,○,○,○,○,○,○,○,○,○,○,○,○,○,○,○,○,○,○,○,○,○,日本語不可,m-next13.jpg,,,
298,,未使用,,,,,,,,,,,,,,,,,,,,,,,,,,,,,,,,,,,,,,,,
299,,画像種別13,画像,画像種別,X,2,,"""""",○,○,○,○,○,○,○,○,○,○,○,○,○,○,○,○,○,○,○,○,○,○,○,○,○,○,○,○,○,※別枠参照,,,,
300,,画像コメント13,画像,画像コメント,X,200,,"""""",○,○,○,○,○,○,○,○,○,○,○,○,○,○,○,○,○,○,○,○,○,○,○,○,○,○,○,○,○, ,,,,
301,,ローカルファイル名14,画像,-,X,100,,"""""",○,○,○,○,○,○,○,○,○,○,○,○,○,○,○,○,○,○,○,○,○,○,○,○,○,○,○,○,○,日本語不可,m-next14.jpg,,,
302,,未使用,,,,,,,,,,,,,,,,,,,,,,,,,,,,,,,,,,,,,,,,
303,,画像種別14,画像,画像種別,X,2,,"""""",○,○,○,○,○,○,○,○,○,○,○,○,○,○,○,○,○,○,○,○,○,○,○,○,○,○,○,○,○,※別枠参照,,,,
304,,画像コメント14,画像,画像コメント,X,200,,"""""",○,○,○,○,○,○,○,○,○,○,○,○,○,○,○,○,○,○,○,○,○,○,○,○,○,○,○,○,○, ,,,,
305,,ローカルファイル名15,画像,-,X,100,,"""""",○,○,○,○,○,○,○,○,○,○,○,○,○,○,○,○,○,○,○,○,○,○,○,○,○,○,○,○,○,日本語不可,m-next15.jpg,,,
306,,未使用,,,,,,,,,,,,,,,,,,,,,,,,,,,,,,,,,,,,,,,,
307,,画像種別15,画像,画像種別,X,2,,"""""",○,○,○,○,○,○,○,○,○,○,○,○,○,○,○,○,○,○,○,○,○,○,○,○,○,○,○,○,○,※別枠参照,,,,
308,,画像コメント15,画像,画像コメント,X,200,,"""""",○,○,○,○,○,○,○,○,○,○,○,○,○,○,○,○,○,○,○,○,○,○,○,○,○,○,○,○,○, ,,,,
309,,ローカルファイル名16,画像,-,X,100,,"""""",○,○,○,○,○,○,○,○,○,○,○,○,○,○,○,○,○,○,○,○,○,○,○,○,○,○,○,○,○,日本語不可,m-next16.jpg,,,
310,,未使用,,,,,,,,,,,,,,,,,,,,,,,,,,,,,,,,,,,,,,,,
311,,画像種別16,画像,画像種別,X,2,,"""""",○,○,○,○,○,○,○,○,○,○,○,○,○,○,○,○,○,○,○,○,○,○,○,○,○,○,○,○,○,※別枠参照,,,,
312,,画像コメント16,画像,画像コメント,X,200,,"""""",○,○,○,○,○,○,○,○,○,○,○,○,○,○,○,○,○,○,○,○,○,○,○,○,○,○,○,○,○, ,,,,
313,,ローカルファイル名17,画像,-,X,100,,"""""",○,○,○,○,○,○,○,○,○,○,○,○,○,○,○,○,○,○,○,○,○,○,○,○,○,○,○,○,○,日本語不可,m-next17.jpg,,,
314,,未使用,,,,,,,,,,,,,,,,,,,,,,,,,,,,,,,,,,,,,,,,
315,,画像種別17,画像,画像種別,X,2,,"""""",○,○,○,○,○,○,○,○,○,○,○,○,○,○,○,○,○,○,○,○,○,○,○,○,○,○,○,○,○,※別枠参照,,,,
316,,画像コメント17,画像,画像コメント,X,200,,"""""",○,○,○,○,○,○,○,○,○,○,○,○,○,○,○,○,○,○,○,○,○,○,○,○,○,○,○,○,○, ,,,,
317,,ローカルファイル名18,画像,-,X,100,,"""""",○,○,○,○,○,○,○,○,○,○,○,○,○,○,○,○,○,○,○,○,○,○,○,○,○,○,○,○,○,日本語不可,m-next18.jpg,,,
318,,未使用,,,,,,,,,,,,,,,,,,,,,,,,,,,,,,,,,,,,,,,,
319,,画像種別18,画像,画像種別,X,2,,"""""",○,○,○,○,○,○,○,○,○,○,○,○,○,○,○,○,○,○,○,○,○,○,○,○,○,○,○,○,○,※別枠参照,,,,
320,,画像コメント18,画像,画像コメント,X,200,,"""""",○,○,○,○,○,○,○,○,○,○,○,○,○,○,○,○,○,○,○,○,○,○,○,○,○,○,○,○,○, ,,,,
321,,ローカルファイル名19,画像,-,X,100,,"""""",○,○,○,○,○,○,○,○,○,○,○,○,○,○,○,○,○,○,○,○,○,○,○,○,○,○,○,○,○,日本語不可,m-next19.jpg,,,
322,,未使用,,,,,,,,,,,,,,,,,,,,,,,,,,,,,,,,,,,,,,,,
323,,画像種別19,画像,画像種別,X,2,,"""""",○,○,○,○,○,○,○,○,○,○,○,○,○,○,○,○,○,○,○,○,○,○,○,○,○,○,○,○,○,※別枠参照,,,,
324,,画像コメント19,画像,画像コメント,X,200,,"""""",○,○,○,○,○,○,○,○,○,○,○,○,○,○,○,○,○,○,○,○,○,○,○,○,○,○,○,○,○, ,,,,
325,,ローカルファイル名20,画像,-,X,100,,"""""",○,○,○,○,○,○,○,○,○,○,○,○,○,○,○,○,○,○,○,○,○,○,○,○,○,○,○,○,○,日本語不可,m-next20.jpg,,,
326,,未使用,,,,,,,,,,,,,,,,,,,,,,,,,,,,,,,,,,,,,,,,
327,,画像種別20,画像,画像種別,X,2,,"""""",○,○,○,○,○,○,○,○,○,○,○,○,○,○,○,○,○,○,○,○,○,○,○,○,○,○,○,○,○,※別枠参照,,,,
328,,画像コメント20,画像,画像コメント,X,200,,"""""",○,○,○,○,○,○,○,○,○,○,○,○,○,○,○,○,○,○,○,○,○,○,○,○,○,○,○,○,○, ,,,,
329,,ローカルファイル名21,画像,-,X,100,,"""""",○,○,○,○,○,○,○,○,○,○,○,○,○,○,○,○,○,○,○,○,○,○,○,○,○,○,○,○,○,日本語不可,m-next21.jpg,,,
330,,未使用,,,,,,,,,,,,,,,,,,,,,,,,,,,,,,,,,,,,,,,,
331,,画像種別21,画像,画像種別,X,2,,"""""",○,○,○,○,○,○,○,○,○,○,○,○,○,○,○,○,○,○,○,○,○,○,○,○,○,○,○,○,○,※別枠参照,,,,
332,,画像コメント21,画像,画像コメント,X,200,,"""""",○,○,○,○,○,○,○,○,○,○,○,○,○,○,○,○,○,○,○,○,○,○,○,○,○,○,○,○,○, ,,,,
333,,ローカルファイル名22,画像,-,X,100,,"""""",○,○,○,○,○,○,○,○,○,○,○,○,○,○,○,○,○,○,○,○,○,○,○,○,○,○,○,○,○,日本語不可,m-next22.jpg,,,
334,,未使用,,,,,,,,,,,,,,,,,,,,,,,,,,,,,,,,,,,,,,,,
335,,画像種別22,画像,画像種別,X,2,,"""""",○,○,○,○,○,○,○,○,○,○,○,○,○,○,○,○,○,○,○,○,○,○,○,○,○,○,○,○,○,※別枠参照,,,,
336,,画像コメント22,画像,画像コメント,X,200,,"""""",○,○,○,○,○,○,○,○,○,○,○,○,○,○,○,○,○,○,○,○,○,○,○,○,○,○,○,○,○, ,,,,
337,,ローカルファイル名23,画像,-,X,100,,"""""",○,○,○,○,○,○,○,○,○,○,○,○,○,○,○,○,○,○,○,○,○,○,○,○,○,○,○,○,○,日本語不可,m-next23.jpg,,,
338,,未使用,,,,,,,,,,,,,,,,,,,,,,,,,,,,,,,,,,,,,,,,
339,,画像種別23,画像,画像種別,X,2,,"""""",○,○,○,○,○,○,○,○,○,○,○,○,○,○,○,○,○,○,○,○,○,○,○,○,○,○,○,○,○,※別枠参照,,,,
340,,画像コメント23,画像,画像コメント,X,200,,"""""",○,○,○,○,○,○,○,○,○,○,○,○,○,○,○,○,○,○,○,○,○,○,○,○,○,○,○,○,○, ,,,,
341,,ローカルファイル名24,画像,-,X,100,,"""""",○,○,○,○,○,○,○,○,○,○,○,○,○,○,○,○,○,○,○,○,○,○,○,○,○,○,○,○,○,日本語不可,m-next24.jpg,,,
342,,未使用,,,,,,,,,,,,,,,,,,,,,,,,,,,,,,,,,,,,,,,,
343,,画像種別24,画像,画像種別,X,2,,"""""",○,○,○,○,○,○,○,○,○,○,○,○,○,○,○,○,○,○,○,○,○,○,○,○,○,○,○,○,○,※別枠参照,,,,
344,,画像コメント24,画像,画像コメント,X,200,,"""""",○,○,○,○,○,○,○,○,○,○,○,○,○,○,○,○,○,○,○,○,○,○,○,○,○,○,○,○,○, ,,,,
345,,ローカルファイル名25,画像,-,X,100,,"""""",○,○,○,○,○,○,○,○,○,○,○,○,○,○,○,○,○,○,○,○,○,○,○,○,○,○,○,○,○,日本語不可,m-next25.jpg,,,
346,,未使用,,,,,,,,,,,,,,,,,,,,,,,,,,,,,,,,,,,,,,,,
347,,画像種別25,画像,画像種別,X,2,,"""""",○,○,○,○,○,○,○,○,○,○,○,○,○,○,○,○,○,○,○,○,○,○,○,○,○,○,○,○,○,※別枠参照,,,,
348,,画像コメント25,画像,画像コメント,X,200,,"""""",○,○,○,○,○,○,○,○,○,○,○,○,○,○,○,○,○,○,○,○,○,○,○,○,○,○,○,○,○, ,,,,
349,,ローカルファイル名26,画像,-,X,100,,"""""",○,○,○,○,○,○,○,○,○,○,○,○,○,○,○,○,○,○,○,○,○,○,○,○,○,○,○,○,○,日本語不可,m-next26.jpg,,,
350,,未使用,,,,,,,,,,,,,,,,,,,,,,,,,,,,,,,,,,,,,,,,
351,,画像種別26,画像,画像種別,X,2,,"""""",○,○,○,○,○,○,○,○,○,○,○,○,○,○,○,○,○,○,○,○,○,○,○,○,○,○,○,○,○,※別枠参照,,,,
352,,画像コメント26,画像,画像コメント,X,200,,"""""",○,○,○,○,○,○,○,○,○,○,○,○,○,○,○,○,○,○,○,○,○,○,○,○,○,○,○,○,○, ,,,,
353,,ローカルファイル名27,画像,-,X,100,,"""""",○,○,○,○,○,○,○,○,○,○,○,○,○,○,○,○,○,○,○,○,○,○,○,○,○,○,○,○,○,日本語不可,m-next27.jpg,,,
354,,未使用,,,,,,,,,,,,,,,,,,,,,,,,,,,,,,,,,,,,,,,,
355,,画像種別27,画像,画像種別,X,2,,"""""",○,○,○,○,○,○,○,○,○,○,○,○,○,○,○,○,○,○,○,○,○,○,○,○,○,○,○,○,○,※別枠参照,,,,
356,,画像コメント27,画像,画像コメント,X,200,,"""""",○,○,○,○,○,○,○,○,○,○,○,○,○,○,○,○,○,○,○,○,○,○,○,○,○,○,○,○,○, ,,,,
357,,ローカルファイル名28,画像,-,X,100,,"""""",○,○,○,○,○,○,○,○,○,○,○,○,○,○,○,○,○,○,○,○,○,○,○,○,○,○,○,○,○,日本語不可,m-next28.jpg,,,
358,,未使用,,,,,,,,,,,,,,,,,,,,,,,,,,,,,,,,,,,,,,,,
359,,画像種別28,画像,画像種別,X,2,,"""""",○,○,○,○,○,○,○,○,○,○,○,○,○,○,○,○,○,○,○,○,○,○,○,○,○,○,○,○,○,※別枠参照,,,,
360,,画像コメント28,画像,画像コメント,X,200,,"""""",○,○,○,○,○,○,○,○,○,○,○,○,○,○,○,○,○,○,○,○,○,○,○,○,○,○,○,○,○, ,,,,
361,,ローカルファイル名29,画像,-,X,100,,"""""",○,○,○,○,○,○,○,○,○,○,○,○,○,○,○,○,○,○,○,○,○,○,○,○,○,○,○,○,○,日本語不可,m-next29.jpg,,,
362,,未使用,,,,,,,,,,,,,,,,,,,,,,,,,,,,,,,,,,,,,,,,
363,,画像種別29,画像,画像種別,X,2,,"""""",○,○,○,○,○,○,○,○,○,○,○,○,○,○,○,○,○,○,○,○,○,○,○,○,○,○,○,○,○,※別枠参照,,,,
364,,画像コメント29,画像,画像コメント,X,200,,"""""",○,○,○,○,○,○,○,○,○,○,○,○,○,○,○,○,○,○,○,○,○,○,○,○,○,○,○,○,○, ,,,,
365,,ローカルファイル名30,画像,-,X,100,,"""""",○,○,○,○,○,○,○,○,○,○,○,○,○,○,○,○,○,○,○,○,○,○,○,○,○,○,○,○,○,日本語不可,m-next30.jpg,,,
366,,未使用,,,,,,,,,,,,,,,,,,,,,,,,,,,,,,,,,,,,,,,,
367,,画像種別30,画像,画像種別,X,2,,"""""",○,○,○,○,○,○,○,○,○,○,○,○,○,○,○,○,○,○,○,○,○,○,○,○,○,○,○,○,○,※別枠参照,,,,
368,,画像コメント30,画像,画像コメント,X,200,,"""""",○,○,○,○,○,○,○,○,○,○,○,○,○,○,○,○,○,○,○,○,○,○,○,○,○,○,○,○,○, ,,,,
369,広告料,広告料,取引情報/取引情報,広告費(AD),X,13.1,0～,"""""",○,○,○,○,○,○,○,○,○,○,○,○,○,○,○,○,○,○,○,○,○,○,○,○,,,,,,賃貸のみ。999以下:賃料に対する割合(%) 1000以上:金額,,,,
ver4.1.2,,,,,,,,,,,,,,,,,,,,,,,,,,,,,,,,,,,,,,,,,,
370,建物,建物構造その他,金銭・建物/建物,-,X,100,,"""""",○,○,○,○,○,○,○,○,○,○,○,○,○,○,○,○,○,○,,○,○,○,,○,,○,○,○,○,CSV No.71「建物構造」が「9:その他」の場合に入力,,,,
371,金銭面,鍵交換費用,金銭・建物(or条件)/賃料・価格,鍵交換費用,9,12,0～,"""""",○,○,○,○,○,○,○,○,○,○,○,○,○,○,○,○,○,○,,○,○,○,,○,,,,,,単位：円,12000,,,
372,,室内清掃費用,金銭・建物(or条件)/賃料・価格,室内清掃費用,9,12,0～,"""""",○,○,○,○,○,○,○,○,○,○,○,○,○,○,○,○,○,○,,○,○,○,,○,,,,,,単位：円,12000,,,
373,周辺環境,商店街距離,備考/周辺環境,商店街,9,4,0～,"""""",○,○,○,○,○,○,○,○,○,○,○,○,○,○,○,○,○,○,○,○,○,○,○,○,○,○,○,○,○,単位：m,1000,,,
374,,ドラッグストア距離,備考/周辺環境,ドラッグストア,9,4,0～,"""""",○,○,○,○,○,○,○,○,○,○,○,○,○,○,○,○,○,○,○,○,○,○,○,○,○,○,○,○,○,単位：m,1000,,,
375,,公園距離,備考/周辺環境,公園,9,4,0～,"""""",○,○,○,○,○,○,○,○,○,○,○,○,○,○,○,○,○,○,○,○,○,○,○,○,○,○,○,○,○,単位：m,1000,,,
376,,銀行距離,備考/周辺環境,銀行,9,4,0～,"""""",○,○,○,○,○,○,○,○,○,○,○,○,○,○,○,○,○,○,○,○,○,○,○,○,○,○,○,○,○,単位：m,1000,,,
377,,その他名,備考/周辺環境,その他,X,100,,"""""",○,○,○,○,○,○,○,○,○,○,○,○,○,○,○,○,○,○,○,○,○,○,○,○,○,○,○,○,○,,,,,
378,,その他距離,備考/周辺環境,-,9,4,0～,"""""",○,○,○,○,○,○,○,○,○,○,○,○,○,○,○,○,○,○,○,○,○,○,○,○,○,○,○,○,○,単位：m,1000,,,
379,駐車場,契約形態,条件・設備or金銭・条件/駐車場,契約形態,9,2,"1,2","""""",○,○,○,○,○,○,○,○,○,○,○,○,○,○,○,○,○,○,○,○,○,○,,○,○,○,○,○,○,"1:駐車場契約必須(賃料・価格・管理費に含む) 2:駐車場契約必須（駐車場料金別)
　※駐車場契約が「任意」の場合は「空白」を指定",,,,
ver4.1.3,,,,,,,,,,,,,,,,,,,,,,,,,,,,,,,,,,,,,,,,,,
380,フリーレント,フリーレント期間,金銭・建物(or条件)/賃料・価格,フリーレント期間,9,2,1～,"""""",○,○,○,○,○,○,○,○,○,○,○,○,○,○,○,○,○,○,○,○,○,○,○,○,,,,,,"単位：月
※CSV No.380「フリーレント期間」もしくはCSV No.381「賃料発生年月」のどちらかを入力
※CSV No.380「フリーレント期間」CSV No.381「賃料発生年月」両方入力の場合はエラー
※アスタリスク（*)を指定する場合、CSV No.381「フリーレント賃料発生タイミング」にアスタリスク（*)以外の入力があるとエラー",,,,
381,,フリーレント賃料発生タイミング,金銭・建物(or条件)/賃料・価格,フリーレント賃料発生タイミング,X,7,,"""""",○,○,○,○,○,○,○,○,○,○,○,○,○,○,○,○,○,○,○,○,○,○,○,○,,,,,,"yyyy/mm 形式の文字列
※CSV No.380「フリーレント期間」もしくはCSV No.381「賃料発生年月」のどちらかを入力
※CSV No.380「フリーレント期間」CSV No.381「賃料発生年月」両方入力の場合はエラー
※アスタリスク（*)を指定する場合、CSV No.380「フリーレント期間」にアスタリスク（*)以外の入力があるとエラー",,,,
382,,フリーレント備考,金銭・建物(or条件)/賃料・価格,フリーレント備考,X,200,,"""""",○,○,○,○,○,○,○,○,○,○,○,○,○,○,○,○,○,○,○,○,○,○,○,○,,,,,,,,,,
383,内装カスタマイズ,カスタマイズ,条件・設備/内装カスタマイズ,カスタマイズ,9,2,"1,2","""""",○,○,○,○,○,○,○,,,,,,,,,,,,,,,,,,,,,,,1:可 2:不可,,,,
384,,カスタマイズ,条件・設備/内装カスタマイズ,カスタマイズ内容,X,200,,"""""",○,○,○,○,○,○,○,,,,,,,,,,,,,,,,,,,,,,,,,,,
385,,カスタマイズ,条件・設備/内装カスタマイズ,カスタマイズ条件,X,200,,"""""",○,○,○,○,○,○,○,,,,,,,,,,,,,,,,,,,,,,,,,,,
386,「HOME'S PRO 物件流通」専用項目,鍵保管場所,取引情報/「HOME'S PRO 物件流通」専用項目,鍵保管場所,9,1,1～5,"""""",○,○,○,○,○,○,○,○,○,○,○,○,○,○,○,○,○,○,○,○,○,○,,○,,,,,,1:当社 2:預託 3:現地 4:立会 5:その他,,,,
387,「HOME'S PRO 物件流通」専用項目,鍵保管場所,取引情報/「HOME'S PRO 物件流通」専用項目,預託先会社名,X,100,,"""""",○,○,○,○,○,○,○,○,○,○,○,○,○,○,○,○,○,○,○,○,○,○,,○,,,,,,CSV No.387「鍵保管場所」 2:預託 の場合に入力,,,,
388,「HOME'S PRO 物件流通」専用項目,鍵備考,取引情報/「HOME'S PRO 物件流通」専用項目,鍵備考,X,200,,"""""",○,○,○,○,○,○,○,○,○,○,○,○,○,○,○,○,○,○,○,○,○,○,,○,,,,,,,,,,
389,「HOME'S PRO 物件流通」専用項目,物件公開区分,取引情報/「HOME'S PRO 物件流通」専用項目,物件公開区分,9,1,"1,2","""""",○,○,○,○,○,○,○,○,○,○,○,○,○,○,○,○,○,○,○,○,○,○,○,○,○,○,○,○,○,1:公開 2:限定公開,,,,
390,「HOME'S PRO 物件流通」専用項目,画像ダウンロード許可,取引情報/「HOME'S PRO 物件流通」専用項目,画像ダウンロード許可,9,1,"1,2","""""",○,○,○,○,○,○,○,○,○,○,○,○,○,○,○,○,○,○,○,○,○,○,○,○,○,○,○,○,○,1:可 2:不可,,,,
ver4.2.0,,,,,,,,,,,,,,,,,,,,,,,,,,,,,,,,,,,,,,,,,,
391,"オプション
「スタッフコメント」項目",営業スタッフ名,会員情報/営業スタッフ登録,氏名,X,40,,"""""",◎,◎,◎,◎,◎,◎,◎,◎,◎,◎,◎,◎,◎,◎,◎,◎,◎,◎,◎,◎,◎,◎,◎,◎,◎,◎,◎,◎,◎,"Manager より登録した営業スタッフ名を指定
※スタッフ名を指定する場合、下記いずれかのパターンの入力が必須
・CSV No.392「コメントテンプレート番号」
・CSV No.396「スタッフコメント種別」、CSV No.397「スタッフコメント」の入力
※アスタリスク(*)を指定する場合、下記パターンでの入力以外はエラーとなる
・CSV No.391「営業スタッフ名」、CSV No.392「コメントテンプレート番号」、No.396「スタッフコメント種別」、CSV No.397「スタッフコメント」全てにアスタリスク(*)
・CSV No.391「営業スタッフ名」、No.396「スタッフコメント種別」、CSV No.397「スタッフコメント」全てにアスタリスク(*)
・CSV No.391「営業スタッフ名」にアスタリスク(*)、No.392「コメントテンプレート番号」にアスタリスク(*)、No.396「スタッフコメント種別」、CSV No.397「スタッフコメント」は空",ネクスト太郎,,,
392,,コメントテンプレート番号,会員情報/営業スタッフ登録,テンプレート1～3,9,1,1～3,"""""",◎,◎,◎,◎,◎,◎,◎,◎,◎,◎,◎,◎,◎,◎,◎,◎,◎,◎,◎,◎,◎,◎,◎,◎,◎,◎,◎,◎,◎,"Manager より登録したスタッフコメントテンプレート番号を指定
テンプレートはスタッフ毎に最大３つまで登録でき、番号は上から順に1～3となる
※テンプレート番号を指定する場合、CSV No.391「営業スタッフ名」の入力が必須
※CSV No.391「営業スタッフ名」、No.396「スタッフコメント種別」、CSV No.397「スタッフコメント」が入力されていた場合、CSV No.391「営業スタッフ名」、No.396「スタッフコメント種別」、CSV No.397「スタッフコメント」の内容が優先して登録される
※CSV No.391「営業スタッフ名」、No.396「スタッフコメント種別」、CSV No.397「スタッフコメント」の全てに「*」が入力されていた場合、コメントテンプレートの値は設定されない
※アスタリスク(*)を指定する場合、CSV No.391「営業スタッフ名」にアスタリスク(*)以外の入力があるとエラー
※CSV No.391「営業スタッフ名」、CSV No.392「コメントテンプレート番号」、No.396「スタッフコメント種別」、CSV No.397「スタッフコメント」全てにアスタリスク(*)が入力されていた場合、いずれの内容も更新されない",1,,,
393,"オプション
「パノラマ」項目",パノラマローカルID,パノラマ編集,パノラマローカルID,X,30,,"""""",○,○,○,○,○,○,○,○,○,○,○,○,○,○,○,○,○,○,○,○,○,○,○,○,○,○,○,○,○,"当該物件に表示するパノラマの「パノラマローカルID」を指定。
※パノラマの登録には別途パノラマCSVが必要
※パノラマCSVで設定されている「パノラマローカルID」と共通値を使用すること
※空欄またはアスタリスク(＊)が指定された場合、同物件で以前にパノラマ設定が行われていれば継続とみなす
※CSV No.395「パノラマ紐付け削除フラグ」で、1:削除 を指定時は無効",123,,,
394,,パノラマ掲載フラグ,パノラマ編集,"関連付け物件一覧
パノラマ　掲載/非掲載",9,1,"1,2","""""",○,○,○,○,○,○,○,○,○,○,○,○,○,○,○,○,○,○,○,○,○,○,○,○,○,○,○,○,○,"1:公開 2:非公開
※パノラマの登録には別途パノラマCSVが必要
※パノラマ掲載フラグが　1:公開　以外の無効な値（空欄やアスタリスク(＊)等）で、CSV No.393「パノラマローカルID」が有効値の場合はパノラマ非公開で登録
※CSV No.395「パノラマ紐付け削除フラグ」で、1:削除 を指定時は無効",1,,,
395,,パノラマ紐付け削除フラグ,-,-,9,1,1,"""""",○,○,○,○,○,○,○,○,○,○,○,○,○,○,○,○,○,○,○,○,○,○,○,○,○,○,○,○,○,"フラグを立てた場合、当該物件に設定しているパノラマの表示解除を行う
※1 以外の値では、表示解除は行わない
※アスタリスク(*)の指定は無効",,,,
ver4.2.1,,,,,,,,,,,,,,,,,,,,,,,,,,,,,,,,,,,,,,,,,,
396,"オプション
「スタッフコメント」項目",スタッフコメント種別,コメント設定/コメント登録・編集フォーム,コメント種別,9,1,"1,2,3","""""",◎,◎,◎,◎,◎,◎,◎,◎,◎,◎,◎,◎,◎,◎,◎,◎,◎,◎,◎,◎,◎,◎,◎,◎,◎,◎,◎,◎,◎,"CSV No.397に設定するスタッフコメントの種別を設定
1:物件情報、2:スタッフ情報、3:会社実績や特徴・サービス情報
※スタッフコメント種別を指定する場合、CSV No.391「営業スタッフ名」、CSV No.397「スタッフコメント」の入力が必須
※No.396「スタッフコメント種別」、CSV No.397「スタッフコメント」の入力が不適切で、
CSV No.391「営業スタッフ名」、CSV No.392「コメントテンプレート番号」が正しく入力されていた場合、CSV No.391「営業スタッフ名」、CSV No.392「コメントテンプレート番号」の値が設定される
※No.396「スタッフコメント種別」、CSV No.397「スタッフコメント」の入力が不適切で、
 CSV No.391「営業スタッフ名」、CSV No.392「コメントテンプレート番号」共に「*」が入力されているとエラー
※アスタリスク(*)を指定する場合、CSV No.391「営業スタッフ名」、CSV No.397「スタッフコメント」にアスタリスク(*)以外の入力があるとエラー",1,,,
397,,スタッフコメント,コメント設定/コメント登録・編集フォーム,スタッフコメント,X,400,,"""""",◎,◎,◎,◎,◎,◎,◎,◎,◎,◎,◎,◎,◎,◎,◎,◎,◎,◎,◎,◎,◎,◎,◎,◎,◎,◎,◎,◎,◎,"当該物件に設定するスタッフコメントを指定する
※スタッフコメントを指定する場合、CSV No.391「営業スタッフ名」、CSV No.396「スタッフコメント種別」の入力が必須
 ※No.396「スタッフコメント種別」、CSV No.397「スタッフコメント」の入力が不適切で、
CSV No.391「営業スタッフ名」、CSV No.392「コメントテンプレート番号」が正しく入力されていた場合、CSV No.391「営業スタッフ名」、CSV No.392「コメントテンプレート番号」の値が設定される
※No.396「スタッフコメント種別」、CSV No.397「スタッフコメント」の入力が不適切で、 
 CSV No.391「営業スタッフ名」、CSV No.392「コメントテンプレート番号」共に「*」が入力されているとエラー
※アスタリスク(*)を指定する場合、CSV No.391「営業スタッフ名」、No.396「スタッフコメント種別」にアスタリスク(*)以外の入力があるとエラー
※桁数は全角の場合400桁。半角の場合800桁まで入力可能
※改行は「\n」とし、全角1桁分とカウント",通勤通学に好立地です,,,
ver4.2.2,,,,,,,,,,,,,,,,,,,,,,,,,,,,,,,,,,,,,,,,,,
398,未使用,,,,,,,,,,,,,,,,,,,,,,,,,,,,,,,,,,,,,,,,,
399,リフォーム,リフォーム箇所（水回り）,金銭・建物/リフォーム,リフォーム箇所（水回り）,X,30,,"""""",◎,◎,◎,◎,◎,◎,◎,◎,◎,◎,◎,,,◎,◎,◎,◎,◎,,◎,◎,◎,,,,◎,◎,◎,◎,"CSV No.401「施工完了年月（水回り）」が入力されている場合はNo.399「リフォーム箇所（水回り）」、No.400「リフォーム箇所その他（水回り）」のいずれかの入力が必須
スラッシュ(/) 区切り形式
1:キッチン 2:浴室 3:トイレ 4:洗面所 5:給湯器 6:給排水管
※アスタリスク（*)を指定する場合、CSV No.401「施工完了年月（水回り）」、CSV No.400「リフォーム箇所その他（水回り）」にアスタリスク（*)以外の入力があるとエラー",2/3/5,,,
400,,リフォーム箇所その他（水回り）,金銭・建物/リフォーム,リフォーム箇所（水回り）,X,100,,"""""",◎,◎,◎,◎,◎,◎,◎,◎,◎,◎,◎,,,◎,◎,◎,◎,◎,,◎,◎,◎,,,,◎,◎,◎,◎,"CSV No.401「施工完了年月（水回り）」が入力されている場合はNo.399「リフォーム箇所（水回り）」、No.400「リフォーム箇所その他（水回り）」のいずれかの入力が必須
水回りのその他の箇所をリフォームしていた場合に入力
※アスタリスク（*)を指定する場合、CSV No.401「施工完了年月（水回り）」、CSV No.400「リフォーム箇所（水回り）」にアスタリスク（*)以外の入力があるとエラー",洗浄器付便座取付,,,
401,,施工完了年月（水回り）,金銭・建物/リフォーム,施工完了（水回り）,X,7,,"""""",◎,◎,◎,◎,◎,◎,◎,◎,◎,◎,◎,,,◎,◎,◎,◎,◎,,◎,◎,◎,,,,◎,◎,◎,◎,"CSV No.399「リフォーム箇所（水回り）」、CSV No.400「リフォーム箇所その他（水回り）」が入力されている場合は必須
未来年月の入力不可。当月は可
yyyy/mm 形式の文字列
※アスタリスク（*)を指定する場合、CSV No.399「リフォーム箇所（水回り）」、CSV No.400「リフォーム箇所その他（水回り）」にアスタリスク（*)以外の入力があるとエラー",2016/05,,,
402,,リフォーム箇所（内装）,金銭・建物/リフォーム,リフォーム箇所（内装）,X,30,,"""""",◎,◎,◎,◎,◎,◎,◎,◎,◎,◎,◎,,,◎,◎,◎,◎,◎,,◎,◎,◎,,,,◎,◎,◎,◎,"CSV No.404「施工完了年月（内装）」が入力されている場合はNo.402「リフォーム箇所（内装）」、No.403「リフォーム箇所その他（内装）」のいずれかの入力が必須
スラッシュ(/) 区切り形式
1:内装全面（床、壁、天井、建具すべて） 2:壁、天井（クロス、塗装等） 3:全室クロス張替 4:床（フローリング等） 5:建具（室内ドア等） 6:サッシ
※アスタリスク（*)を指定する場合、CSV No.404「施工完了年月（内装）」、CSV No.403「リフォーム箇所その他（内装）」にアスタリスク（*)以外の入力があるとエラー",2/3/5,,,
403,,リフォーム箇所その他（内装）,金銭・建物/リフォーム,リフォーム箇所（内装）,X,100,,"""""",◎,◎,◎,◎,◎,◎,◎,◎,◎,◎,◎,,,◎,◎,◎,◎,◎,,◎,◎,◎,,,,◎,◎,◎,◎,"CSV No.404「施工完了年月（内装）」が入力されている場合はNo.402「リフォーム箇所（内装）」、No.403「リフォーム箇所その他（内装）」のいずれかの入力が必須
内装のその他の箇所をリフォームしていた場合に入力
※アスタリスク（*)を指定する場合、CSV No.404「施工完了年月（内装）」、CSV No.402「リフォーム箇所（内装）」にアスタリスク（*)以外の入力があるとエラー",畳、障子,,,
404,,施工完了年月（内装）,金銭・建物/リフォーム,施工完了（内装）,X,7,,"""""",◎,◎,◎,◎,◎,◎,◎,◎,◎,◎,◎,,,◎,◎,◎,◎,◎,,◎,◎,◎,,,,◎,◎,◎,◎,"CSV No.402「リフォーム箇所（内装）」、CSV No.403「リフォーム箇所その他（内装）」が入力されている場合は必須
未来年月の入力不可。当月は可
yyyy/mm 形式の文字列
※アスタリスク（*)を指定する場合、CSV No.402「リフォーム箇所（内装）」、CSV No.403「リフォーム箇所その他（内装）」にアスタリスク（*)以外の入力があるとエラー",2016/05,,,
405,,リフォーム箇所（外装）,金銭・建物/リフォーム,リフォーム箇所（外装）,X,30,,"""""",,,◎,◎,◎,,,,,,,,,◎,◎,,,,,,,,,,,◎,◎,◎,,"CSV No.407「施工完了年月（外装）」が入力されている場合はNo.405「リフォーム箇所（外装）」、No.406「リフォーム箇所その他（外装）」のいずれかの入力が必須
スラッシュ(/) 区切り形式
1:屋根 2:外壁
※アスタリスク（*)を指定する場合、CSV No.407「施工完了年月（外装）」、CSV No.406「リフォーム箇所その他（外装）」にアスタリスク（*)以外の入力があるとエラー",1/2,,,
406,,リフォーム箇所その他（外装）,金銭・建物/リフォーム,リフォーム箇所（外装）,X,100,,"""""",,,◎,◎,◎,,,,,,,,,◎,◎,,,,,,,,,,,◎,◎,◎,,"CSV No.407「施工完了年月（外装）」が入力されている場合はNo.405「リフォーム箇所（外装）」、No.406「リフォーム箇所その他（外装）」のいずれかの入力が必須
外装のその他の箇所をリフォームしていた場合に入力
※アスタリスク（*)を指定する場合、CSV No.407「施工完了年月（外装）」、CSV No.405「リフォーム箇所（外装）」にアスタリスク（*)以外の入力があるとエラー",屋上防水,,,
407,,施工完了年月（外装）,金銭・建物/リフォーム,施工完了（外装）,X,7,,"""""",,,◎,◎,◎,,,,,,,,,◎,◎,,,,,,,,,,,◎,◎,◎,,"CSV No.405「リフォーム箇所（外装）」、CSV No.406「リフォーム箇所その他（外装）」が入力されている場合は必須
未来年月の入力不可。当月は可
yyyy/mm 形式の文字列
※アスタリスク（*)を指定する場合、CSV No.405「リフォーム箇所（外装）」、CSV No.406「リフォーム箇所その他（外装）」にアスタリスク（*)以外の入力があるとエラー",2016/05,,,
408,,リフォーム箇所（共用部分）,金銭・建物/リフォーム,リフォーム箇所（共用部分）,X,100,,"""""",◎,◎,,,◎,,,,,,,,,,◎,,,,,,,,,,,,◎,◎,◎,"CSV No.409「施工完了年月（共用部分）」が入力されている場合は必須
※アスタリスク（*)を指定する場合、CSV No.409「施工完了年月（共用部分）」にアスタリスク（*)以外の入力があるとエラー",共同廊下,,,
409,,施工完了年月（共用部分）,金銭・建物/リフォーム,施工完了（共用部分）,X,7,,"""""",◎,◎,,,◎,,,,,,,,,,◎,,,,,,,,,,,,◎,◎,◎,"CSV No.408「リフォーム箇所（共用部分）」が入力されている場合は必須
未来年月の入力不可。当月は可
yyyy/mm 形式の文字列
※アスタリスク（*)を指定する場合、CSV No.408「リフォーム箇所（共用部分）」にアスタリスク（*)以外の入力があるとエラー",2016/05,,,
410,,リフォーム備考,金銭・建物/リフォーム,リフォーム備考,X,200,,"""""",○,○,○,○,○,○,○,○,○,○,○,,,○,○,○,○,○,,○,○,○,,,,○,○,○,○,,,,,
ver4.2.3,,,,,,,,,,,,,,,,,,,,,,,,,,,,,,,,,,,,,,,,,,
411,オプション「オンライン対応」項目,オンライン内見可,オンライン対応,オンライン内見可,9,1,"0,1",0,○,○,○,○,○,○,○,○,○,○,○,○,○,○,○,○,○,○,○,○,○,○,○,○,△,△,△,△,△,0 : 不可 1 : 可,1,,,
412,,オンライン相談可,オンライン対応,オンライン相談可,9,1,"0,1",0,○,○,○,○,○,○,○,○,○,○,○,○,○,○,○,○,○,○,○,○,○,○,○,○,△,△,△,△,△,0 : 不可 1 : 可,1,,,
413,,IT重説可,オンライン対応,IT重説可,9,1,"0,1",0,○,○,○,○,○,○,○,○,○,○,○,○,○,○,○,○,○,○,○,○,○,○,○,○,△,△,△,△,△,0 : 不可 1 : 可,1,,,
ver4.2.4,,,,,,,,,,,,,,,,,,,,,,,,,,,,,,,,,,,,,,,,,,
414,オプション「会社情報EX」項目,会社情報EX（会社情報PR）,会社情報EX（会社情報PR）,会社情報EX（会社情報PR）,9,1,"0,1",0,○,○,○,○,○,○,○,○,○,○,○,○,○,○,○,○,○,○,○,○,○,○,○,○,○,○,○,○,○,"1：会社情報EX適用
0：会社情報EX非適用
※売買では、名称が会社情報PR。住まい探し特典はなし
売買でnullで入稿された場合は、暫定的にアスタリスク(*)で入稿と同等に扱いカラムの上書きは行いません(2021/3まで)",1,,,
ver4.2.5,,,,,,,,,,,,,,,,,,,,,,,,,,,,,,,,,,,,,,,,,,
415,オプション「会社情報EX」項目,住まい探し特典,特典,特典,9,1,0～3,0,○,○,○,○,○,○,○,○,○,○,○,○,○,○,○,○,○,○,○,○,○,○,○,○,,,,,,"Manager より登録した特典番号を指定
0：会社情報EX 特典非適用
1～3：会社情報EX 適用する特典番号
※CSV No.414「会社情報EX」の値が非適用（=0）の場合でも、特典のみの登録は可能",1,,,
ver4.3.0,,,,,,,,,,,,,,,,,,,,,,,,,,,,,,,,,,,,,,,,,,
416,空情報,事務所戸数,金銭・建物/建物,事務所戸数,9,4,0～,"""""",○,○,○,○,○,○,○,○,○,○,○,○,○,○,○,○,○,○,○,○,○,○,○,○,○,○,○,◎,○,"事務所の戸数
※一棟売りマンション･アパートで総戸数に事務所の戸数が含まれる場合は入力必須",2,,,
417,建物,専有面積(最小),金銭・建物/建物,専有面積(最小?最大),9,8.2,1～,"""""",○,○,○,○,○,○,○,○,○,○,○,○,○,○,○,○,○,○,○,○,○,○,○,○,○,○,○,◎,○,"単位：平米
建物全体の住戸の中で最小の一戸あたりの専有面積
※売買：売住宅以外の建物全部 のとき、
CSV No.7「物件種別」が1409:マンション あるいは1411:アパート の場合必須
※CSV No.417「専有面積(最小)」、No.418「専有面積(最大)」の片方にしか値の入力が無い場合エラー",68.56,,,
418,,専有面積(最大),金銭・建物/建物,専有面積(最小?最大),9,8.2,1～,"""""",○,○,○,○,○,○,○,○,○,○,○,○,○,○,○,○,○,○,○,○,○,○,○,○,○,○,○,◎,○,"単位：平米
建物全体の住戸の中で最大の一戸あたりの専有面積
※売買：売住宅以外の建物全部 のとき、
CSV No.7「物件種別」が1409:マンション あるいは1411:アパート の場合必須
※CSV No.417「専有面積(最小)」、No.418「専有面積(最大)」の片方にしか値の入力が無い場合、CSV No.417「専有面積(最小)」よりも小さな値の入力がある場合エラー",82.56,,,
ver4.3.1,,,,,,,,,,,,,,,,,,,,,,,,,,,,,,,,,,,,,,,,,,
419,オプション「会社紹介ムービー」項目,会社紹介ムービー,会社紹介ムービー,会社紹介ムービー,9,1,0~3,"""""",,,,,,,,,,,,,,,,,,,,,,,,,○,○,○,△,△,"*：現在の状態を変更しない
未入力：動画の紐づけを解除する
0：動画の紐づけを解除する
1：動画1を紐づける
2：動画2を紐づける
3：動画3を紐づける",1,,,
ver4.3.2,,,,,,,,,,,,,,,,,,,,,,,,,,,,,,,,,,,,,,,,,,
420,省エネ性能,エネルギー消費性能/エネルギー消費性能(最小),条件・設備/省エネ性能,エネルギー消費性能(最小～最大),9,1,0～6,"""""",◎,◎,◎,◎,◎,◎,◎,○,○,○,○,○,○,○,○,○,○,○,,○,○,○,,○,,◎,◎,○,○,"0:★なし（省エネ基準未達成）
1:★（省エネ基準達成）
2:★★（削減率10％達成）
3:★★★（削減率20％達成）
4:★★★★（削減率30％達成）
5:★★★★★（削減率40％達成）
6:★★★★★★（削減率50％達成）
未入力･･･指定なし
※居住用賃貸物件、売マンション、売戸建で省エネ性能住戸ラベルあるいは住棟ラベルを登録する場合は必須
※No.420、421のいずれかをアスタリスク (*)で入稿した場合、両項目の更新を行わない",2,,,
421,,エネルギー消費性能(最大),条件・設備/省エネ性能,エネルギー消費性能(最小～最大),9,1,0～6,"""""",◎,◎,◎,◎,◎,◎,◎,○,○,○,○,○,○,○,○,○,○,○,,○,○,○,,○,,◎,◎,○,○,"0:★なし（省エネ基準未達成）
1:★（省エネ基準達成）
2:★★（削減率10％達成）
3:★★★（削減率20％達成）
4:★★★★（削減率30％達成）
5:★★★★★（削減率40％達成）
6:★★★★★★（削減率50％達成）
未入力･･･指定なし
※居住用賃貸物件、売マンション、売戸建で省エネ性能住棟ラベルを登録する場合は必須
※No.420、421のいずれかをアスタリスク (*)で入稿した場合、両項目の更新を行わない",3,,,
422,,断熱性能/断熱性能(最小),条件・設備/省エネ性能,断熱性能(最小～最大),9,1,0～7,"""""",◎,◎,◎,◎,◎,◎,◎,○,○,○,○,○,○,○,○,○,○,○,,○,○,○,,○,,◎,◎,○,○,"0:指定なし　※未入力も「指定なし」扱い
1:1
2:2
3:3
4:4
5:5
6:6
7:7
※居住用賃貸物件、売マンション、売戸建で省エネ性能住戸ラベルあるいは住棟ラベルを登録する場合は必須
※No.422、423のいずれかをアスタリスク (*)で入稿した場合、両項目の更新を行わない",2,,,
423,,断熱性能(最大),条件・設備/省エネ性能,断熱性能(最小～最大),9,1,0～7,"""""",◎,◎,◎,◎,◎,◎,◎,○,○,○,○,○,○,○,○,○,○,○,,○,○,○,,○,,◎,◎,○,○,"0:指定なし　※未入力も「指定なし」扱い
1:1
2:2
3:3
4:4
5:5
6:6
7:7
※居住用賃貸物件、売マンション、売戸建で省エネ性能住棟ラベルを登録する場合は必須
※No.422、423のいずれかをアスタリスク (*)で入稿した場合、両項目の更新を行わない",3,,,
424,,目安光熱費/目安光熱費(最小),条件・設備/省エネ性能,目安光熱費(年間)(最小～最大),9,7,0～,"""""",◎,◎,◎,◎,◎,◎,◎,○,○,○,○,○,○,○,○,○,○,○,,○,○,○,,○,,◎,◎,○,○,"単位：円
※居住用賃貸物件、売マンション、売戸建で省エネ性能住戸ラベルあるいは住棟ラベルを登録する場合は必須
※No.424、425のいずれかをアスタリスク (*)で入稿した場合、両項目の更新を行わない",250000,,,
425,,目安光熱費(最大),条件・設備/省エネ性能,目安光熱費(年間)(最小～最大),9,7,0～,"""""",◎,◎,◎,◎,◎,◎,◎,○,○,○,○,○,○,○,○,○,○,○,,○,○,○,,○,,◎,◎,○,○,"単位：円
※居住用賃貸物件、売マンション、売戸建で省エネ性能住棟ラベルを登録する場合は必須
※No.424、425のいずれかをアスタリスク (*)で入稿した場合、両項目の更新を行わない",300000,,,
426,システム用,レコード終了マーク,,,X,1,,-,■,■,■,■,■,■,■,■,■,■,■,■,■,■,■,■,■,■,■,■,■,■,■,■,■,■,■,■,■,レコードの終了を表す印(1固定),1,,,
,,,,,,,,,,,,,,,,,,,,,,,,,,,,,,,,,,,,,,,,,,
,,,,,,,,,,,,,,,,,,,,,,,,,,,,,,,,,,,,,,,,,,
テーブル,,,,,,,,,,,,,,,,,,,,,,,,,,,,,,,,,,,,,,,,,,
No.,,項目名,Manager タブ/グループ名,Manager　表示名,内容,,,,,,,,,,,,,,,,,,,,,,,,,,,,,,,,,,,,,
7,,物件種別 ,基本・交通/基本情報,物件種別,【売地】1101:売地 1102:借地権譲渡 1103:底地権譲渡,,,,,,,,,,,,,,,,,,,,,,,,,,,,,,,,,,,,,
,,,,,【売戸建】1201:新築戸建 1202:中古戸建 1203:新築テラスハウス 1204:中古テラスハウス,,,,,,,,,,,,,,,,,,,,,,,,,,,,,,,,,,,,,
,,,,,【売マンション】1301:新築マン 1302:中古マン 1303:新築公団 1304:中古公団 1305:新築公社 1306:中古公社 1307:新築タウン 1308:中古タウン 1309:リゾートマン,,,,,,,,,,,,,,,,,,,,,,,,,,,,,,,,,,,,,
,,,,,【売住宅以外の建物全部】1401:店舗 1403:店舗付住宅 1404:住宅付店舗 1405:事務所 1406:店舗・事務所 1407:ビル 1408:工場 1409:マンション 1410:倉庫 1411:アパート 1412:寮 1413:旅館 1414:ホテル 1415:別荘 1416:リゾートマン 1420:社宅 1499:その他,,,,,,,,,,,,,,,,,,,,,,,,,,,,,,,,,,,,,
,,,,,【売住宅以外の建物一部】1502:店舗 1505:事務所 1506:店舗・事務所 1507:ビル 1509:マンション 1599:その他,,,,,,,,,,,,,,,,,,,,,,,,,,,,,,,,,,,,,
,,,,,【居住用賃貸】3101:マンション 3102:アパート 3103:一戸建 3104:テラスハウス 3105:タウンハウス 3106:シェアハウス 3110:寮・下宿,,,,,,,,,,,,,,,,,,,,,,,,,,,,,,,,,,,,,
,,,,,【事業用賃貸】3201:店舗(建物全部) 3202:店舗(建物一部) 3203:事務所 3204:店舗・事務所 3205:工場 3206:倉庫 3207:一戸建 3208:マンション 3209:旅館 3210:寮 3211:別荘 3212:土地 3213:ビル 3214:住宅付店舗(一戸建) 3215:住宅付店舗(建物一部) 3282:駐車場 3299:その他,,,,,,,,,,,,,,,,,,,,,,,,,,,,,,,,,,,,,
34,,地目,土地/面積・区画,地目,"【改REINS】1:宅地 2:田 3:畑 4:山林 5:雑種地 9:その他 10:原野 11:田･畑 (10,11は将来的に廃止) ",,,,,,,,,,,,,,,,,,,,,,,,,,,,,,,,,,,,,
35,,用途地域,土地/権利・制限,用途地域,【REINS】1:第一種低層住居専用 2:第二種中高層住居専用 3:第二種住居 4:近隣商業 5:商業 6:準工業 7:工業 8:工業専用 10:第二種低層住居専用 11:第一種中高層住居専用 12:第一種住居 13:準住居 14:田園住居地域 99:無指定,,,,,,,,,,,,,,,,,,,,,,,,,,,,,,,,,,,,,
68,,土地権利(借地権種類) ,土地/権利・制限,土地権利,"【改REINS】1:所有権 2:旧法地上 3: 旧法賃借 4:普通地上 5:定期地上 6:普通賃借 7:定期賃借 8:一時使用 21:地上権 22:定期借地 23:賃借権 99:その他 (21,22,23,99は将来的に廃止)",,,,,,,,,,,,,,,,,,,,,,,,,,,,,,,,,,,,,
71,,建物構造,金銭・建物/建物,建物構造,【改REINS】1:木造 2:ブロック 3:鉄骨造 4:RC 5:SRC 6:PC 7:HPC 9:その他 10:軽量鉄骨 11:ALC 12:鉄筋ブロック 13:CFT(コンクリート充填鋼管),,,,,,,,,,,,,,,,,,,,,,,,,,,,,,,,,,,,,
89,,間取部屋種類,金銭・建物/部屋,間取り,10:R 20:K 25:SK 30:DK 35:SDK 40:LK 45:SLK 50:LDK 55:SLDK,,,,,,,,,,,,,,,,,,,,,,,,,,,,,,,,,,,,,
184,,現況,条件・設備or金銭・条件/契約条件,現況,【改REINS】(土地)1:更地 2:古屋あり 10:古屋あり更地引渡可 (戸建・マン・外全・外一)1:居住中(居住用物件) 2:空家 3:賃貸中(投資用物件) 4:未完成 （駐車場）1.利用中 2.空　　　,,,,,,,,,,,,,,,,,,,,,,,,,,,,,,,,,,,,,
227～367,,画像種別1～30,画像,画像種別,"1:間取 2:外観 3:地図 4:周辺 5:室内 9:その他画像 10:玄関 11:リビング/ダイニング 12:キッチン 13:寝室 14:子供部屋 15:浴室 16:トイレ 17:洗面 18:収納 19:設備 20:バルコニー 21:エントランス 22:駐車場 23:洋室 24:和室 25:省エネ性能ラベル
※省エネ性能ラベルを選択している場合、紐づく画像コメントの登録内容はサイト側に反映されない",,,,,,,,,,,,,,,,,,,,,,,,,,,,,,,,,,,,,
,,,,,,,,,,,,,,,,,,,,,,,,,,,,,,,,,,,,,,,,,,
,,,,,,,,,,,,,,,,,,,,,,,,,,,,,,,,,,,,,,,,,,
エラーコード表,,,,,,,,,,,,,,,,,,,,,,,,,,,,,,,,,,,,,,,,,,
100番台,,システムエラー,データベースには登録されない,,,,,,,200番台,,,,,,物件データエラー,,,,,,,,,,データベースには登録されない,,,,,,,,,,,,,,,,
,101,ヘッダ行不正,ヘッダ行がない，ヘッダ行の項目数が不正等,,,,,,,,,201,,,,項目数不正,,,,,,,,,,,,,,,,,,,,,,,,,,
,102,バージョン番号不正,,,,,,,,,,202-xxx,,,,値不正エラー,,,,,,,,,,"指定された値以外の入力があった場合のエラー
xxx はエラーのあった項目番号
",,,,,,,,,,,,,,,,
,103,処理番号不正,,,,,,,,,,203,,,,内部エラー,,,,,,,,,,サポートデスクまでお問合せください,,,,,,,,,,,,,,,,
,104,HOME'S会員番号不正,会員番号が存在しない、または物件登録を行なえないプランを契約中の会員番号である,,,,,,,,,204,,,,自社管理番号エラー,,,,,,,,,,自社管理番号の値が不正,,,,,,,,,,,,,,,,
,105,文字コード指定不正,,,,,,,,,,205,,,,自社管理修正日時エラー,,,,,,,,,,自社管理修正日時が不正,,,,,,,,,,,,,,,,
,106,画像ファイルパス不正,,,,,,,,,,206,,,,物件種別エラー,,,,,,,,,,物件種別の値が不正,,,,,,,,,,,,,,,,
,107,路線設定パターン不正,,,,,,,,,,207,,,,価格/賃料エラー,,,,,,,,,,価格/賃料の値が不正,,,,,,,,,,,,,,,,
,108,書換モード不正,,,,,,,,,,208,,,,償却エラー,,,,,,,,,,値に旧実費(100)が入力されている,,,,,,,,,,,,,,,,
,109,テストモード不正,,,,,,,,,,,,,,,,,,,,,,,,,,,,,,,,,,,,,,,,
,190,内部エラー,DB接続失敗，CSVファイル読込失敗等,,,,,,,300番台,,,,,,検定エラー,,,,,,,,,,データベースには登録される(公開はされない),,,,,,,,,,,,,,,,
,,,,,,,,,,,,301,,,,必須項目未入力エラー,,,,,,,,,,,,,,,,,,,,,,,,,,
,,,,,,,,,,,,302,,,,必須項目＊指定,,,,,,,,,,,,,,,,,,,,,,,,,,
,,,,,,,,,,,,303,,,,新築エラー,,,,,,,,,,物件種別が新築だが築年月が1年未満でない,,,,,,,,,,,,,,,,
,,,,,,,,,,,,304,,,,徒歩距離未入力エラー,,,,,,,,,,沿線・駅入力時に徒歩距離が入っていない,,,,,,,,,,,,,,,,
,,,,,,,,,,,,305,,,,所在地コード不正エラー,,,,,,,,,,存在しない所在地コードが入力されている,,,,,,,,,,,,,,,,
,,,,,,,,,,,,306,,,,沿線駅コード不正エラー,,,,,,,,,,存在しない沿線駅コードの組合せが入力されている,,,,,,,,,,,,,,,,
,,,,,,,,,,,,307,,,,不正単語エラー,,,,,,,,,,不正単語が含まれている,,,,,,,,,,,,,,,,
,,,,,,,,,,,,308,,,,客付不正エラー,,,,,,,,,,先物物件で客付不可以外が指定されている,,,,,,,,,,,,,,,,
,,,,,,,,,,,,309,,,,建築条件不正エラー,,,,,,,,,,物件種別が新築戸建で許可されていない状態(status)が指定されている,,,,,,,,,,,,,,,,
,,,,,,,,,,,,310,,,,物件種別不正エラー,,,,,,,,,,"現在のバージョンでは入稿が不完全となる物件種別が選択されている
※Ver.4.2.5以前の旧バージョンでのみ使用
",,,,,,,,,,,,,,,,
,,,,,,,,,,,,,,,,,,,,,,,,,,,,,,,,,,,,,,,,,,
,,,,,,,,,,400番台,,,,,,警告エラー,,,,,,,,,,データベースには登録される(公開もされる),,,,,,,,,,,,,,,,
,,,,,,,,,,,,401,,,,辞書変換に失敗,,,,,,,,,,文字列からコードへの変換失敗,,,,,,,,,,,,,,,,
,,,,,,,,,,,,402,,,,掲載期限を短縮,,,,,,,,,,情報掲載期限日を短縮(賃貸7日、売買14日に短縮),,,,,,,,,,,,,,,,
,,,,,,,,,,,,403,,,,リクエスト限定公開専用フラグを削除,,,,,,,,,,限定公開専用として登録済み物件の公開可否が[HOME'S公開＋自社HPに掲載]の場合、限定公開専用フラグを削除,,,,,,,,,,,,,,,,
,,,,,,,,,,,,404,,,,客付不可に変更,,,,,,,,,,限定公開専用として登録済み物件の公開可否が「自社HPに掲載」、No.200客付が「可能」または「他社取込可」の場合、客付を不可へ変更,,,,,,,,,,,,,,,,
,,,,,,,,,,,,405,,,,画像を非掲載に変更,,,,,,,,,,外部画像参照においてファイル名に日本語が指定されたため、画像を非掲載に変更,,,,,,,,,,,,,,,,
,,,,,,,,,,,,406,,,,スタッフコメント、コメントテンプレート共に登録に失敗,,,,,,,,,,"下記要因により、スタッフコメント、スタッフテンプレートの登録に失敗した場合のエラー
・CSV No.391「営業スタッフ名」、CSV No.392「コメントテンプレート番号」、No.396「スタッフコメント種別」、CSV No.397「スタッフコメント」の入力に不備がある",,,,,,,,,,,,,,,,
,,,,,,,,,,,,407,,,,パノラマ登録に失敗１,,,,,,,,,,指定されたパノラマツアーが未登録、または登録が完了していない為、紐付け無効,,,,,,,,,,,,,,,,
,,,,,,,,,,,,408,,,,パノラマ登録に失敗２,,,,,,,,,,"指定されたパノラマツアーが必須画像を含まない、または使用不可画像を含む無効なパノラマの為、紐付け無効
※必須画像（下記いずれか１つ以上）
　①事業用賃貸の場合：1:洋室 2:和室 3:リビング 4:ダイニング 5:キッチン 6:寝室 22:外観 26:倉庫 27:駐車場
　②賃貸駐車場、賃貸土地の場合：22:外観 27:駐車場
　③居住用賃貸（完成済）の場合：1:洋室 2:和室 3:リビング 4:ダイニング 5:キッチン 6:寝室
　④居住用賃貸（未完成）の場合：22:外観
　⑤売地の場合：22:外観
　⑥売買建物（完成済）の場合：1:洋室 2:和室 3:リビング 4:ダイニング 5:キッチン 6:寝室 22:外観
　⑦売買建物（未完成）の場合：22:外観
※ただし、②⑤の場合、使用不可画像である、1:洋室 2:和室 3:リビング 4:ダイニング 5:キッチン 6:寝室 7:玄関 8:トイレ 9:バスルーム 10:収納 11:ロフト 12:洗面所 13:ワーキングスペース 21:バルコニー 23:エントランス 24:庭 25:屋上 26:倉庫 27:駐車場（⑤のみ）のいずれかがある場合は上記の必須画像を含まれていたとしても紐付け無効",,,,,,,,,,,,,,,,
,,,,,,,,,,,,409,,,,パノラマ掲載フラグエラー,,,,,,,,,,"パノラマ掲載フラグが無効値（1,2以外）の為、パノラマは非公開に設定",,,,,,,,,,,,,,,,
,,,,,,,,,,,,410,,,,スタッフコメントの登録に失敗したが、コメントテンプレートの登録に成功,,,,,,,,,,"下記要因により、スタッフコメントの登録に失敗し、スタッフコメントテンプレートの登録に成功した場合のエラー
・No.396「スタッフコメント種別」、CSV No.397「スタッフコメント」の入力に不備があり、CSV No.391「営業スタッフ名」、CSV No.392「コメントテンプレート番号」共に正しい値が入力されている",,,,,,,,,,,,,,,,
,,,,,,,,,,,,411-xxx,,,,非必須項目不正単語エラー,,,,,,,,,,"下記のような使用禁止文字列が含まれている
xxx はエラーのあった項目番号

使用禁止単語
使用禁止記号
電話番号(FAX番号)　
URL
メールアドレス
機種依存文字（丸囲み数値、単位記号、漢字旧字体など）

※仕様禁止単語・記号についての詳細は下記URLを参照のこと
https://manager.homes.co.jp/files/regulation/guideline.pdf
",,,,,,,,,,,,,,,,
,,,,,,,,,,,,412-xxx,,,,非必須項目値不正エラー,,,,,,,,,,"指定された文字長、値の範囲外の入力があった場合のエラー
xxx はエラーのあった項目番号",,,,,,,,,,,,,,,,
,,,,,,,,,,,,413,,,,情報審査自動検知エラー,,,,,,,,,,情報審査の自動検知システムによる処理結果に基づき、対象の物件番号はご掲載いただけません,,,,,,,,,,,,,,,,
,,,,,,,,,,,,414,,,,会社情報EXの特典エラー,,,,,,,,,,"・指定された特典が有効期限切れ
・指定された特典が未登録",,,,,,,,,,,,,,,,
,,,,,,,,,,,,415,,,,連続使用された記号の削除,,,,,,,,,," 記号の連続使用は原則禁止
記号が4つ以上連続入力されているため、4つ目以降の記号を削除
※それ以外の入力内容は登録されている",,,,,,,,,,,,,,,,
,,,,,,,,,,,,416,,,,"バージョン不正
(事務所戸数、専有面積)",,,,,,,,,,"現在のバージョンでは入稿が不完全となる物件種別が選択されている
※Ver.4.2.5以前の旧バージョンでのみ使用",,,,,,,,,,,,,,,,
,,,,,,,,,,,,417,,,,会社紹介ムービー指定ID不正エラー,,,,,,,,,,指定したIDのムービーが登録されていない場合のエラー,,,,,,,,,,,,,,,,
,,,,,,,,,,,,418,,,,会社紹介ムービー非対応物件種別エラー,,,,,,,,,,対象外の物件種別で会社紹介ムービーのIDを指定している場合のエラー,,,,,,,,,,,,,,,,
,,,,,,,,,,,,,,,,,,,,,,,,,,,,,,,,,,,,,,,,,,
,,,,,,,,,,,,,,,,,,,,,,,,,,,,,,,,,,,,,,,,,,
,,,,,,,,,,,,,,,,,,,,,,,,,,,,,,,,,,,,,,,,,,
,,,,,,,,,,,,,,,,,,,,,,,,,,,,,,,,,,,,,,,,,,
,,,,,,,,,,,,,,,,,,,,,,,,,,,,,,,,,,,,,,,,,,
,,,,,,,,,,,,,,,,,,,,,,,,,,,,,,,,,,,,,,,,,,
,,,,,,,,,,,,,,,,,,,,,,,,,,,,,,,,,,,,,,,,,,
,,,,,,,,,,,,,,,,,,,,,,,,,,,,,,,,,,,,,,,,,,
,,,,,,,,,,,,,,,,,,,,,,,,,,,,,,,,,,,,,,,,,,
,,,,,,,,,,,,,,,,,,,,,,,,,,,,,,,,,,,,,,,,,,
,,,,,,,,,,,,,,,,,,,,,,,,,,,,,,,,,,,,,,,,,,
,,,,,,,,,,,,,,,,,,,,,,,,,,,,,,,,,,,,,,,,,,
,,,,,,,,,,,,,,,,,,,,,,,,,,,,,,,,,,,,,,,,,,
,,,,,,,,,,,,,,,,,,,,,,,,,,,,,,,,,,,,,,,,,,
,,,,,,,,,,,,,,,,,,,,,,,,,,,,,,,,,,,,,,,,,,
,,,,,,,,,,,,,,,,,,,,,,,,,,,,,,,,,,,,,,,,,,
,,,,,,,,,,,,,,,,,,,,,,,,,,,,,,,,,,,,,,,,,,
,,,,,,,,,,,,,,,,,,,,,,,,,,,,,,,,,,,,,,,,,,
,,,,,,,,,,,,,,,,,,,,,,,,,,,,,,,,,,,,,,,,,,
,,,,,,,,,,,,,,,,,,,,,,,,,,,,,,,,,,,,,,,,,,
,,,,,,,,,,,,,,,,,,,,,,,,,,,,,,,,,,,,,,,,,,
,,,,,,,,,,,,,,,,,,,,,,,,,,,,,,,,,,,,,,,,,,
,,,,,,,,,,,,,,,,,,,,,,,,,,,,,,,,,,,,,,,,,,
,,,,,,,,,,,,,,,,,,,,,,,,,,,,,,,,,,,,,,,,,,
,,,,,,,,,,,,,,,,,,,,,,,,,,,,,,,,,,,,,,,,,,
,,,,,,,,,,,,,,,,,,,,,,,,,,,,,,,,,,,,,,,,,,
,,,,,,,,,,,,,,,,,,,,,,,,,,,,,,,,,,,,,,,,,,
,,,,,,,,,,,,,,,,,,,,,,,,,,,,,,,,,,,,,,,,,,
,,,,,,,,,,,,,,,,,,,,,,,,,,,,,,,,,,,,,,,,,,
,,,,,,,,,,,,,,,,,,,,,,,,,,,,,,,,,,,,,,,,,,
,,,,,,,,,,,,,,,,,,,,,,,,,,,,,,,,,,,,,,,,,,
,,,,,,,,,,,,,,,,,,,,,,,,,,,,,,,,,,,,,,,,,,
,,,,,,,,,,,,,,,,,,,,,,,,,,,,,,,,,,,,,,,,,,
,,,,,,,,,,,,,,,,,,,,,,,,,,,,,,,,,,,,,,,,,,
,,,,,,,,,,,,,,,,,,,,,,,,,,,,,,,,,,,,,,,,,,
,,,,,,,,,,,,,,,,,,,,,,,,,,,,,,,,,,,,,,,,,,
,,,,,,,,,,,,,,,,,,,,,,,,,,,,,,,,,,,,,,,,,,
,,,,,,,,,,,,,,,,,,,,,,,,,,,,,,,,,,,,,,,,,,
,,,,,,,,,,,,,,,,,,,,,,,,,,,,,,,,,,,,,,,,,,
,,,,,,,,,,,,,,,,,,,,,,,,,,,,,,,,,,,,,,,,,,
,,,,,,,,,,,,,,,,,,,,,,,,,,,,,,,,,,,,,,,,,,
,,,,,,,,,,,,,,,,,,,,,,,,,,,,,,,,,,,,,,,,,,
,,,,,,,,,,,,,,,,,,,,,,,,,,,,,,,,,,,,,,,,,,
,,,,,,,,,,,,,,,,,,,,,,,,,,,,,,,,,,,,,,,,,,
,,,,,,,,,,,,,,,,,,,,,,,,,,,,,,,,,,,,,,,,,,
,,,,,,,,,,,,,,,,,,,,,,,,,,,,,,,,,,,,,,,,,,
,,,,,,,,,,,,,,,,,,,,,,,,,,,,,,,,,,,,,,,,,,
,,,,,,,,,,,,,,,,,,,,,,,,,,,,,,,,,,,,,,,,,,
,,,,,,,,,,,,,,,,,,,,,,,,,,,,,,,,,,,,,,,,,,
,,,,,,,,,,,,,,,,,,,,,,,,,,,,,,,,,,,,,,,,,,
,,,,,,,,,,,,,,,,,,,,,,,,,,,,,,,,,,,,,,,,,,
,,,,,,,,,,,,,,,,,,,,,,,,,,,,,,,,,,,,,,,,,,
,,,,,,,,,,,,,,,,,,,,,,,,,,,,,,,,,,,,,,,,,,
,,,,,,,,,,,,,,,,,,,,,,,,,,,,,,,,,,,,,,,,,,
,,,,,,,,,,,,,,,,,,,,,,,,,,,,,,,,,,,,,,,,,,
,,,,,,,,,,,,,,,,,,,,,,,,,,,,,,,,,,,,,,,,,,
,,,,,,,,,,,,,,,,,,,,,,,,,,,,,,,,,,,,,,,,,,
,,,,,,,,,,,,,,,,,,,,,,,,,,,,,,,,,,,,,,,,,,
,,,,,,,,,,,,,,,,,,,,,,,,,,,,,,,,,,,,,,,,,,
,,,,,,,,,,,,,,,,,,,,,,,,,,,,,,,,,,,,,,,,,,
,,,,,,,,,,,,,,,,,,,,,,,,,,,,,,,,,,,,,,,,,,
,,,,,,,,,,,,,,,,,,,,,,,,,,,,,,,,,,,,,,,,,,
,,,,,,,,,,,,,,,,,,,,,,,,,,,,,,,,,,,,,,,,,,
,,,,,,,,,,,,,,,,,,,,,,,,,,,,,,,,,,,,,,,,,,
,,,,,,,,,,,,,,,,,,,,,,,,,,,,,,,,,,,,,,,,,,
,,,,,,,,,,,,,,,,,,,,,,,,,,,,,,,,,,,,,,,,,,
,,,,,,,,,,,,,,,,,,,,,,,,,,,,,,,,,,,,,,,,,,
,,,,,,,,,,,,,,,,,,,,,,,,,,,,,,,,,,,,,,,,,,
,,,,,,,,,,,,,,,,,,,,,,,,,,,,,,,,,,,,,,,,,,
,,,,,,,,,,,,,,,,,,,,,,,,,,,,,,,,,,,,,,,,,,
,,,,,,,,,,,,,,,,,,,,,,,,,,,,,,,,,,,,,,,,,,
,,,,,,,,,,,,,,,,,,,,,,,,,,,,,,,,,,,,,,,,,,
,,,,,,,,,,,,,,,,,,,,,,,,,,,,,,,,,,,,,,,,,,
,,,,,,,,,,,,,,,,,,,,,,,,,,,,,,,,,,,,,,,,,,
,,,,,,,,,,,,,,,,,,,,,,,,,,,,,,,,,,,,,,,,,,
,,,,,,,,,,,,,,,,,,,,,,,,,,,,,,,,,,,,,,,,,,
,,,,,,,,,,,,,,,,,,,,,,,,,,,,,,,,,,,,,,,,,,
,,,,,,,,,,,,,,,,,,,,,,,,,,,,,,,,,,,,,,,,,,
,,,,,,,,,,,,,,,,,,,,,,,,,,,,,,,,,,,,,,,,,,
,,,,,,,,,,,,,,,,,,,,,,,,,,,,,,,,,,,,,,,,,,
,,,,,,,,,,,,,,,,,,,,,,,,,,,,,,,,,,,,,,,,,,
,,,,,,,,,,,,,,,,,,,,,,,,,,,,,,,,,,,,,,,,,,
,,,,,,,,,,,,,,,,,,,,,,,,,,,,,,,,,,,,,,,,,,
,,,,,,,,,,,,,,,,,,,,,,,,,,,,,,,,,,,,,,,,,,
,,,,,,,,,,,,,,,,,,,,,,,,,,,,,,,,,,,,,,,,,,
,,,,,,,,,,,,,,,,,,,,,,,,,,,,,,,,,,,,,,,,,,
,,,,,,,,,,,,,,,,,,,,,,,,,,,,,,,,,,,,,,,,,,
,,,,,,,,,,,,,,,,,,,,,,,,,,,,,,,,,,,,,,,,,,
,,,,,,,,,,,,,,,,,,,,,,,,,,,,,,,,,,,,,,,,,,
,,,,,,,,,,,,,,,,,,,,,,,,,,,,,,,,,,,,,,,,,,
,,,,,,,,,,,,,,,,,,,,,,,,,,,,,,,,,,,,,,,,,,
,,,,,,,,,,,,,,,,,,,,,,,,,,,,,,,,,,,,,,,,,,
,,,,,,,,,,,,,,,,,,,,,,,,,,,,,,,,,,,,,,,,,,
,,,,,,,,,,,,,,,,,,,,,,,,,,,,,,,,,,,,,,,,,,
,,,,,,,,,,,,,,,,,,,,,,,,,,,,,,,,,,,,,,,,,,
,,,,,,,,,,,,,,,,,,,,,,,,,,,,,,,,,,,,,,,,,,
,,,,,,,,,,,,,,,,,,,,,,,,,,,,,,,,,,,,,,,,,,
,,,,,,,,,,,,,,,,,,,,,,,,,,,,,,,,,,,,,,,,,,
,,,,,,,,,,,,,,,,,,,,,,,,,,,,,,,,,,,,,,,,,,
,,,,,,,,,,,,,,,,,,,,,,,,,,,,,,,,,,,,,,,,,,
,,,,,,,,,,,,,,,,,,,,,,,,,,,,,,,,,,,,,,,,,,
,,,,,,,,,,,,,,,,,,,,,,,,,,,,,,,,,,,,,,,,,,
,,,,,,,,,,,,,,,,,,,,,,,,,,,,,,,,,,,,,,,,,,
,,,,,,,,,,,,,,,,,,,,,,,,,,,,,,,,,,,,,,,,,,
,,,,,,,,,,,,,,,,,,,,,,,,,,,,,,,,,,,,,,,,,,
,,,,,,,,,,,,,,,,,,,,,,,,,,,,,,,,,,,,,,,,,,
,,,,,,,,,,,,,,,,,,,,,,,,,,,,,,,,,,,,,,,,,,
,,,,,,,,,,,,,,,,,,,,,,,,,,,,,,,,,,,,,,,,,,
,,,,,,,,,,,,,,,,,,,,,,,,,,,,,,,,,,,,,,,,,,
,,,,,,,,,,,,,,,,,,,,,,,,,,,,,,,,,,,,,,,,,,
,,,,,,,,,,,,,,,,,,,,,,,,,,,,,,,,,,,,,,,,,,
,,,,,,,,,,,,,,,,,,,,,,,,,,,,,,,,,,,,,,,,,,
,,,,,,,,,,,,,,,,,,,,,,,,,,,,,,,,,,,,,,,,,,
,,,,,,,,,,,,,,,,,,,,,,,,,,,,,,,,,,,,,,,,,,
,,,,,,,,,,,,,,,,,,,,,,,,,,,,,,,,,,,,,,,,,,
,,,,,,,,,,,,,,,,,,,,,,,,,,,,,,,,,,,,,,,,,,
,,,,,,,,,,,,,,,,,,,,,,,,,,,,,,,,,,,,,,,,,,
,,,,,,,,,,,,,,,,,,,,,,,,,,,,,,,,,,,,,,,,,,
,,,,,,,,,,,,,,,,,,,,,,,,,,,,,,,,,,,,,,,,,,
,,,,,,,,,,,,,,,,,,,,,,,,,,,,,,,,,,,,,,,,,,
,,,,,,,,,,,,,,,,,,,,,,,,,,,,,,,,,,,,,,,,,,
,,,,,,,,,,,,,,,,,,,,,,,,,,,,,,,,,,,,,,,,,,
,,,,,,,,,,,,,,,,,,,,,,,,,,,,,,,,,,,,,,,,,,
,,,,,,,,,,,,,,,,,,,,,,,,,,,,,,,,,,,,,,,,,,
,,,,,,,,,,,,,,,,,,,,,,,,,,,,,,,,,,,,,,,,,,
,,,,,,,,,,,,,,,,,,,,,,,,,,,,,,,,,,,,,,,,,,
,,,,,,,,,,,,,,,,,,,,,,,,,,,,,,,,,,,,,,,,,,
,,,,,,,,,,,,,,,,,,,,,,,,,,,,,,,,,,,,,,,,,,
,,,,,,,,,,,,,,,,,,,,,,,,,,,,,,,,,,,,,,,,,,
,,,,,,,,,,,,,,,,,,,,,,,,,,,,,,,,,,,,,,,,,,
,,,,,,,,,,,,,,,,,,,,,,,,,,,,,,,,,,,,,,,,,,
,,,,,,,,,,,,,,,,,,,,,,,,,,,,,,,,,,,,,,,,,,
,,,,,,,,,,,,,,,,,,,,,,,,,,,,,,,,,,,,,,,,,,
,,,,,,,,,,,,,,,,,,,,,,,,,,,,,,,,,,,,,,,,,,
,,,,,,,,,,,,,,,,,,,,,,,,,,,,,,,,,,,,,,,,,,
,,,,,,,,,,,,,,,,,,,,,,,,,,,,,,,,,,,,,,,,,,
,,,,,,,,,,,,,,,,,,,,,,,,,,,,,,,,,,,,,,,,,,
,,,,,,,,,,,,,,,,,,,,,,,,,,,,,,,,,,,,,,,,,,
,,,,,,,,,,,,,,,,,,,,,,,,,,,,,,,,,,,,,,,,,,
,,,,,,,,,,,,,,,,,,,,,,,,,,,,,,,,,,,,,,,,,,
,,,,,,,,,,,,,,,,,,,,,,,,,,,,,,,,,,,,,,,,,,
,,,,,,,,,,,,,,,,,,,,,,,,,,,,,,,,,,,,,,,,,,
,,,,,,,,,,,,,,,,,,,,,,,,,,,,,,,,,,,,,,,,,,
,,,,,,,,,,,,,,,,,,,,,,,,,,,,,,,,,,,,,,,,,,
,,,,,,,,,,,,,,,,,,,,,,,,,,,,,,,,,,,,,,,,,,
,,,,,,,,,,,,,,,,,,,,,,,,,,,,,,,,,,,,,,,,,,
,,,,,,,,,,,,,,,,,,,,,,,,,,,,,,,,,,,,,,,,,,
,,,,,,,,,,,,,,,,,,,,,,,,,,,,,,,,,,,,,,,,,,
,,,,,,,,,,,,,,,,,,,,,,,,,,,,,,,,,,,,,,,,,,
,,,,,,,,,,,,,,,,,,,,,,,,,,,,,,,,,,,,,,,,,,
,,,,,,,,,,,,,,,,,,,,,,,,,,,,,,,,,,,,,,,,,,
,,,,,,,,,,,,,,,,,,,,,,,,,,,,,,,,,,,,,,,,,,
,,,,,,,,,,,,,,,,,,,,,,,,,,,,,,,,,,,,,,,,,,
,,,,,,,,,,,,,,,,,,,,,,,,,,,,,,,,,,,,,,,,,,
,,,,,,,,,,,,,,,,,,,,,,,,,,,,,,,,,,,,,,,,,,
,,,,,,,,,,,,,,,,,,,,,,,,,,,,,,,,,,,,,,,,,,
,,,,,,,,,,,,,,,,,,,,,,,,,,,,,,,,,,,,,,,,,,
,,,,,,,,,,,,,,,,,,,,,,,,,,,,,,,,,,,,,,,,,,
,,,,,,,,,,,,,,,,,,,,,,,,,,,,,,,,,,,,,,,,,,
,,,,,,,,,,,,,,,,,,,,,,,,,,,,,,,,,,,,,,,,,,
,,,,,,,,,,,,,,,,,,,,,,,,,,,,,,,,,,,,,,,,,,
,,,,,,,,,,,,,,,,,,,,,,,,,,,,,,,,,,,,,,,,,,
,,,,,,,,,,,,,,,,,,,,,,,,,,,,,,,,,,,,,,,,,,
,,,,,,,,,,,,,,,,,,,,,,,,,,,,,,,,,,,,,,,,,,
,,,,,,,,,,,,,,,,,,,,,,,,,,,,,,,,,,,,,,,,,,
,,,,,,,,,,,,,,,,,,,,,,,,,,,,,,,,,,,,,,,,,,
,,,,,,,,,,,,,,,,,,,,,,,,,,,,,,,,,,,,,,,,,,
,,,,,,,,,,,,,,,,,,,,,,,,,,,,,,,,,,,,,,,,,,
,,,,,,,,,,,,,,,,,,,,,,,,,,,,,,,,,,,,,,,,,,
,,,,,,,,,,,,,,,,,,,,,,,,,,,,,,,,,,,,,,,,,,
,,,,,,,,,,,,,,,,,,,,,,,,,,,,,,,,,,,,,,,,,,
,,,,,,,,,,,,,,,,,,,,,,,,,,,,,,,,,,,,,,,,,,
,,,,,,,,,,,,,,,,,,,,,,,,,,,,,,,,,,,,,,,,,,
,,,,,,,,,,,,,,,,,,,,,,,,,,,,,,,,,,,,,,,,,,
,,,,,,,,,,,,,,,,,,,,,,,,,,,,,,,,,,,,,,,,,,
,,,,,,,,,,,,,,,,,,,,,,,,,,,,,,,,,,,,,,,,,,
,,,,,,,,,,,,,,,,,,,,,,,,,,,,,,,,,,,,,,,,,,
,,,,,,,,,,,,,,,,,,,,,,,,,,,,,,,,,,,,,,,,,,
,,,,,,,,,,,,,,,,,,,,,,,,,,,,,,,,,,,,,,,,,,
,,,,,,,,,,,,,,,,,,,,,,,,,,,,,,,,,,,,,,,,,,
,,,,,,,,,,,,,,,,,,,,,,,,,,,,,,,,,,,,,,,,,,
,,,,,,,,,,,,,,,,,,,,,,,,,,,,,,,,,,,,,,,,,,
,,,,,,,,,,,,,,,,,,,,,,,,,,,,,,,,,,,,,,,,,,
,,,,,,,,,,,,,,,,,,,,,,,,,,,,,,,,,,,,,,,,,,
,,,,,,,,,,,,,,,,,,,,,,,,,,,,,,,,,,,,,,,,,,
,,,,,,,,,,,,,,,,,,,,,,,,,,,,,,,,,,,,,,,,,,
,,,,,,,,,,,,,,,,,,,,,,,,,,,,,,,,,,,,,,,,,,
,,,,,,,,,,,,,,,,,,,,,,,,,,,,,,,,,,,,,,,,,,
,,,,,,,,,,,,,,,,,,,,,,,,,,,,,,,,,,,,,,,,,,
,,,,,,,,,,,,,,,,,,,,,,,,,,,,,,,,,,,,,,,,,,
,,,,,,,,,,,,,,,,,,,,,,,,,,,,,,,,,,,,,,,,,,
,,,,,,,,,,,,,,,,,,,,,,,,,,,,,,,,,,,,,,,,,,
,,,,,,,,,,,,,,,,,,,,,,,,,,,,,,,,,,,,,,,,,,
,,,,,,,,,,,,,,,,,,,,,,,,,,,,,,,,,,,,,,,,,,
,,,,,,,,,,,,,,,,,,,,,,,,,,,,,,,,,,,,,,,,,,
